HpGP-COL-305	100.00	1	1	S1	907239	                    Helicobacter pylori SouthAfrica7
HpGP-COL-306	100.00	1	1	S1	907240	                    Helicobacter pylori Gambia94/24
HpGP-COL-307	100.00	1	1	S1	1426844	                    Helicobacter pylori NY40
HpGP-COL-308	100.00	1	1	S1	1163743	                    Helicobacter pylori HUP-B14
HpGP-COL-309	100.00	1	1	S1	1163743	                    Helicobacter pylori HUP-B14
HpGP-COL-208	100.00	1	1	S2	985080	                      Helicobacter pylori 2018
HpGP-COL-209	100.00	1	1	S1	907239	                    Helicobacter pylori SouthAfrica7
HpGP-COL-210	100.00	1	1	S1	1426844	                    Helicobacter pylori NY40
HpGP-2010-100	100.00	1	1	S1	907240	                    Helicobacter pylori Gambia94/24
HpGP-2011-20	100.00	1	1	S1	1163743	                    Helicobacter pylori HUP-B14
HpGP-2011-80	100.00	1	1	S1	1163743	                    Helicobacter pylori HUP-B14
HpGP-4094	100.00	1	1	S1	1163743	                    Helicobacter pylori HUP-B14
HpGP-4245	100.00	1	1	S1	1426844	                    Helicobacter pylori NY40
HpGP-4356	100.00	1	1	S1	765962	                    Helicobacter pylori SJM180
HpGP-4410	100.00	1	1	S1	907240	                    Helicobacter pylori Gambia94/24
HpGP-4430	100.00	1	1	S1	1426844	                    Helicobacter pylori NY40
HpGP-ALG-001	100.00	1	1	S1	1426844	                    Helicobacter pylori NY40
HpGP-ALG-002	100.00	1	1	S1	907240	                    Helicobacter pylori Gambia94/24
HpGP-ALG-003	100.00	1	1	S1	1321939	                    Helicobacter pylori UM037
HpGP-ALG-004	100.00	1	1	S1	592205	                    Helicobacter pylori B38
HpGP-ALG-005	100.00	1	1	S1	907240	                    Helicobacter pylori Gambia94/24
HpGP-ALG-006	100.00	1	1	S1	907240	                    Helicobacter pylori Gambia94/24
HpGP-ALG-007	100.00	1	1	S1	592205	                    Helicobacter pylori B38
HpGP-ALG-008	100.00	1	1	S1	592205	                    Helicobacter pylori B38
HpGP-ALG-009	100.00	1	1	S1	1163743	                    Helicobacter pylori HUP-B14
HpGP-ALG-010	100.00	1	1	S1	1163743	                    Helicobacter pylori HUP-B14
HpGP-ARG-001	100.00	1	1	S1	1163743	                    Helicobacter pylori HUP-B14
HpGP-ARG-002	100.00	1	1	S1	1426844	                    Helicobacter pylori NY40
HpGP-ARG-003	100.00	1	1	S1	765962	                    Helicobacter pylori SJM180
HpGP-ARG-004	100.00	1	1	S1	1163743	                    Helicobacter pylori HUP-B14
HpGP-ARG-005	100.00	1	1	S1	907239	                    Helicobacter pylori SouthAfrica7
HpGP-ARG-006	100.00	1	1	S1	907239	                    Helicobacter pylori SouthAfrica7
HpGP-ARG-007	100.00	1	1	S1	1321939	                    Helicobacter pylori UM037
HpGP-ARG-008	100.00	1	1	S1	1055532	                    Helicobacter pylori Aklavik86
HpGP-ARG-009	100.00	1	1	S1	102608	                    Helicobacter pylori F32
HpGP-ARG-010	100.00	1	1	S1	102608	                    Helicobacter pylori F32
HpGP-BGD-001	100.00	1	1	S1	1055530	                    Helicobacter pylori SNT49
HpGP-BGD-002	100.00	1	1	S1	1055530	                    Helicobacter pylori SNT49
HpGP-BGD-003	100.00	1	1	S1	907238	                    Helicobacter pylori India7
HpGP-BGD-004	100.00	1	1	S1	1321939	                    Helicobacter pylori UM037
HpGP-BGD-005	100.00	1	1	S1	1321939	                    Helicobacter pylori UM037
HpGP-BGD-006	100.00	1	1	S1	907238	                    Helicobacter pylori India7
HpGP-BGD-007	100.00	1	1	S1	1321939	                    Helicobacter pylori UM037
HpGP-BGD-008	100.00	1	1	S1	1055530	                    Helicobacter pylori SNT49
HpGP-BGD-009	100.00	1	1	S1	1321939	                    Helicobacter pylori UM037
HpGP-BGD-010	100.00	1	1	S1	907238	                    Helicobacter pylori India7
HpGP-BGR-001	100.00	1	1	S1	1163743	                    Helicobacter pylori HUP-B14
HpGP-BGR-003	100.00	1	1	S1	907237	                    Helicobacter pylori Lithuania75
HpGP-BGR-004	100.00	1	1	S1	592205	                    Helicobacter pylori B38
HpGP-BGR-005	100.00	1	1	S1	907237	                    Helicobacter pylori Lithuania75
HpGP-BGR-006	100.00	1	1	S1	907237	                    Helicobacter pylori Lithuania75
HpGP-BGR-007	100.00	1	1	S1	907237	                    Helicobacter pylori Lithuania75
HpGP-BGR-008	100.00	1	1	S1	907237	                    Helicobacter pylori Lithuania75
HpGP-BGR-010	100.00	1	1	S1	907237	                    Helicobacter pylori Lithuania75
HpGP-BRA-001	100.00	1	1	S2	985080	                      Helicobacter pylori 2018
HpGP-BRA-002	100.00	1	1	S1	1163742	                    Helicobacter pylori PeCan18
HpGP-BRA-003	100.00	1	1	S1	592205	                    Helicobacter pylori B38
HpGP-BRA-004	100.00	1	1	S1	1163743	                    Helicobacter pylori HUP-B14
HpGP-BRA-005	100.00	1	1	S2	985080	                      Helicobacter pylori 2018
HpGP-BRA-006	100.00	1	1	S1	1426844	                    Helicobacter pylori NY40
HpGP-BRA-007	100.00	1	1	S1	907239	                    Helicobacter pylori SouthAfrica7
HpGP-BRA-008	100.00	1	1	S1	1426844	                    Helicobacter pylori NY40
HpGP-BRA-009	100.00	1	1	S1	592205	                    Helicobacter pylori B38
HpGP-BRA-010	100.00	1	1	S1	907240	                    Helicobacter pylori Gambia94/24
HpGP-BRA-012	100.00	1	1	S1	1248725	                    Helicobacter pylori OK113
HpGP-BRA-013	100.00	1	1	S2	985080	                      Helicobacter pylori 2018
HpGP-BRA-014	100.00	1	1	S2	985080	                      Helicobacter pylori 2018
HpGP-BRA-015	100.00	1	1	S1	907237	                    Helicobacter pylori Lithuania75
HpGP-BRA-017	100.00	1	1	S1	765962	                    Helicobacter pylori SJM180
HpGP-BRA-018	100.00	1	1	S2	985080	                      Helicobacter pylori 2018
HpGP-BRA-019	100.00	1	1	S1	907240	                    Helicobacter pylori Gambia94/24
HpGP-BRA-020	100.00	1	1	S1	907239	                    Helicobacter pylori SouthAfrica7
HpGP-BRA-022	100.00	1	1	S1	907239	                    Helicobacter pylori SouthAfrica7
HpGP-BRA-023	100.00	1	1	S1	907240	                    Helicobacter pylori Gambia94/24
HpGP-BRA-025	100.00	1	1	S1	907240	                    Helicobacter pylori Gambia94/24
HpGP-CAN-001	100.00	1	1	S1	1055531	                    Helicobacter pylori Aklavik117
HpGP-CAN-002	100.00	1	1	S1	1055532	                    Helicobacter pylori Aklavik86
HpGP-CAN-004	100.00	1	1	S1	1055532	                    Helicobacter pylori Aklavik86
HpGP-CAN-006	100.00	1	1	S1	1055532	                    Helicobacter pylori Aklavik86
HpGP-CAN-007	100.00	1	1	S1	1055532	                    Helicobacter pylori Aklavik86
HpGP-CAN-008	100.00	1	1	S1	1055532	                    Helicobacter pylori Aklavik86
HpGP-CAN-010	100.00	1	1	S1	1055532	                    Helicobacter pylori Aklavik86
HpGP-CAN-011	100.00	1	1	S1	1055532	                    Helicobacter pylori Aklavik86
HpGP-CAN-012	100.00	1	1	S1	907240	                    Helicobacter pylori Gambia94/24
HpGP-CAN-014	100.00	1	1	S1	1055532	                    Helicobacter pylori Aklavik86
HpGP-CAN-015	100.00	1	1	S1	1055532	                    Helicobacter pylori Aklavik86
HpGP-CAN-016	100.00	1	1	S1	1055532	                    Helicobacter pylori Aklavik86
HpGP-CAN-017	100.00	1	1	S1	1055531	                    Helicobacter pylori Aklavik117
HpGP-CAN-018	100.00	1	1	S1	1055532	                    Helicobacter pylori Aklavik86
HpGP-CAN-019	100.00	1	1	S1	1055532	                    Helicobacter pylori Aklavik86
HpGP-CAN-020	100.00	1	1	S1	1055532	                    Helicobacter pylori Aklavik86
HpGP-CAN-022	100.00	1	1	S1	1055532	                    Helicobacter pylori Aklavik86
HpGP-CAN-023	100.00	1	1	S1	1055532	                    Helicobacter pylori Aklavik86
HpGP-CAN-025	100.00	1	1	S1	1055532	                    Helicobacter pylori Aklavik86
HpGP-CAN-026	100.00	1	1	S1	1055532	                    Helicobacter pylori Aklavik86
HpGP-CHI-001	100.00	1	1	S1	765962	                    Helicobacter pylori SJM180
HpGP-CHI-002	100.00	1	1	S1	1163743	                    Helicobacter pylori HUP-B14
HpGP-CHI-004	100.00	1	1	S1	765962	                    Helicobacter pylori SJM180
HpGP-CHI-005	100.00	1	1	S1	1426844	                    Helicobacter pylori NY40
HpGP-CHI-006	100.00	1	1	S1	1055532	                    Helicobacter pylori Aklavik86
HpGP-CHI-007	100.00	1	1	S1	907240	                    Helicobacter pylori Gambia94/24
HpGP-CHI-008	100.00	1	1	S1	1055532	                    Helicobacter pylori Aklavik86
HpGP-CHI-010	100.00	1	1	S1	1055532	                    Helicobacter pylori Aklavik86
HpGP-CHI-011	100.00	1	1	S1	1426844	                    Helicobacter pylori NY40
HpGP-CHI-014	100.00	1	1	S1	1163743	                    Helicobacter pylori HUP-B14
HpGP-CHI-016	100.00	1	1	S1	765962	                    Helicobacter pylori SJM180
HpGP-CHI-017	100.00	1	1	S1	1163743	                    Helicobacter pylori HUP-B14
HpGP-CHI-018	100.00	1	1	S1	1426844	                    Helicobacter pylori NY40
HpGP-CHI-021	100.00	1	1	S1	1426844	                    Helicobacter pylori NY40
HpGP-CHI-022	100.00	1	1	S1	1055532	                    Helicobacter pylori Aklavik86
HpGP-CHI-023	100.00	1	1	S1	907240	                    Helicobacter pylori Gambia94/24
HpGP-CHI-024	100.00	1	1	S1	1426844	                    Helicobacter pylori NY40
HpGP-CHI-026	100.00	1	1	S1	1055527	                    Helicobacter pylori ELS37
HpGP-CHI-027	100.00	1	1	S1	1055532	                    Helicobacter pylori Aklavik86
HpGP-CHI-028	100.00	1	1	S1	765962	                    Helicobacter pylori SJM180
HpGP-CHI-101	100.00	1	1	S1	1163743	                    Helicobacter pylori HUP-B14
HpGP-CHI-102	100.00	1	1	S1	1163743	                    Helicobacter pylori HUP-B14
HpGP-CHI-103	100.00	1	1	S1	765962	                    Helicobacter pylori SJM180
HpGP-CHI-104	100.00	1	1	S1	1055529	                    Helicobacter pylori Puno135
HpGP-CHI-105	100.00	1	1	S1	1055532	                    Helicobacter pylori Aklavik86
HpGP-CHI-106	100.00	1	1	S1	1426844	                    Helicobacter pylori NY40
HpGP-CHI-107	100.00	1	1	S1	765962	                    Helicobacter pylori SJM180
HpGP-CHI-110	100.00	1	1	S1	765962	                    Helicobacter pylori SJM180
HpGP-CHI-113	100.00	1	1	S1	1163743	                    Helicobacter pylori HUP-B14
HpGP-CHI-114	100.00	1	1	S1	1163743	                    Helicobacter pylori HUP-B14
HpGP-CHI-116	100.00	1	1	S1	1055532	                    Helicobacter pylori Aklavik86
HpGP-CHI-117	100.00	1	1	S1	765962	                    Helicobacter pylori SJM180
HpGP-CHI-119	100.00	1	1	S1	1055532	                    Helicobacter pylori Aklavik86
HpGP-CHI-120	100.00	1	1	S1	907240	                    Helicobacter pylori Gambia94/24
HpGP-CHI-122	100.00	1	1	S1	1426844	                    Helicobacter pylori NY40
HpGP-CHI-123	100.00	1	1	S1	765962	                    Helicobacter pylori SJM180
HpGP-CHI-124	100.00	1	1	S1	1055532	                    Helicobacter pylori Aklavik86
HpGP-CHI-125	100.00	1	1	S1	1426844	                    Helicobacter pylori NY40
HpGP-CHI-126	100.00	1	1	S1	1163743	                    Helicobacter pylori HUP-B14
HpGP-CHI-127	100.00	1	1	S1	1055532	                    Helicobacter pylori Aklavik86
HpGP-CHI-204	100.00	1	1	S1	765962	                    Helicobacter pylori SJM180
HpGP-CHI-207	100.00	1	1	S1	765962	                    Helicobacter pylori SJM180
HpGP-CHI-208	100.00	1	1	S1	1055529	                    Helicobacter pylori Puno135
HpGP-CHI-209	100.00	1	1	S1	1055527	                    Helicobacter pylori ELS37
HpGP-CHI-210	100.00	1	1	S1	765962	                    Helicobacter pylori SJM180
HpGP-CHI-212	100.00	1	1	S1	765962	                    Helicobacter pylori SJM180
HpGP-CHN-001	100.00	1	1	S1	907238	                    Helicobacter pylori India7
HpGP-CHN-002	100.00	1	1	S1	1055532	                    Helicobacter pylori Aklavik86
HpGP-CHN-003	100.00	1	1	S1	907239	                    Helicobacter pylori SouthAfrica7
HpGP-CHN-004	100.00	1	1	S1	907238	                    Helicobacter pylori India7
HpGP-CHN-005	100.00	1	1	S1	907239	                    Helicobacter pylori SouthAfrica7
HpGP-CHN-006	100.00	1	1	S1	907239	                    Helicobacter pylori SouthAfrica7
HpGP-CHN-007	100.00	1	1	S1	907239	                    Helicobacter pylori SouthAfrica7
HpGP-CHN-008	100.00	1	1	S1	1321939	                    Helicobacter pylori UM037
HpGP-CHN-009	100.00	1	1	S1	1248726	                    Helicobacter pylori OK310
HpGP-CHN-010	100.00	1	1	S1	907239	                    Helicobacter pylori SouthAfrica7
HpGP-COG-001	100.00	1	1	S1	907239	                    Helicobacter pylori SouthAfrica7
HpGP-COG-002	100.00	1	1	S1	1055527	                    Helicobacter pylori ELS37
HpGP-COG-003	100.00	1	1	S1	907239	                    Helicobacter pylori SouthAfrica7
HpGP-COG-004	100.00	1	1	S2	985081	                      Helicobacter pylori 2017
HpGP-COG-005	100.00	1	1	S2	985080	                      Helicobacter pylori 2018
HpGP-COG-006	100.00	1	1	S1	907239	                    Helicobacter pylori SouthAfrica7
HpGP-COG-007	100.00	1	1	S1	907239	                    Helicobacter pylori SouthAfrica7
HpGP-COG-008	100.00	1	1	S1	907239	                    Helicobacter pylori SouthAfrica7
HpGP-COG-009	100.00	1	1	S1	907239	                    Helicobacter pylori SouthAfrica7
HpGP-COG-010	100.00	1	1	S1	907239	                    Helicobacter pylori SouthAfrica7
HpGP-COG-011	100.00	1	1	S2	985080	                      Helicobacter pylori 2018
HpGP-COL-002	100.00	1	1	S1	907237	                    Helicobacter pylori Lithuania75
HpGP-COL-003	100.00	1	1	S1	907240	                    Helicobacter pylori Gambia94/24
HpGP-COL-004	100.00	1	1	S1	765962	                    Helicobacter pylori SJM180
HpGP-COL-005	100.00	1	1	S1	765963	                    Helicobacter pylori PeCan4
HpGP-COL-006	100.00	1	1	S1	907240	                    Helicobacter pylori Gambia94/24
HpGP-COL-008	100.00	1	1	S1	765962	                    Helicobacter pylori SJM180
HpGP-COL-010	100.00	1	1	S1	592205	                    Helicobacter pylori B38
HpGP-COL-102	100.00	1	1	S1	907240	                    Helicobacter pylori Gambia94/24
HpGP-COL-103	100.00	1	1	S2	985080	                      Helicobacter pylori 2018
HpGP-COL-104	100.00	1	1	S1	765962	                    Helicobacter pylori SJM180
HpGP-COL-105	100.00	1	1	S1	907240	                    Helicobacter pylori Gambia94/24
HpGP-COL-106	100.00	1	1	S1	1163743	                    Helicobacter pylori HUP-B14
HpGP-COL-107	100.00	1	1	S1	1426844	                    Helicobacter pylori NY40
HpGP-COL-108	100.00	1	1	S1	907240	                    Helicobacter pylori Gambia94/24
HpGP-COL-109	100.00	1	1	S1	907240	                    Helicobacter pylori Gambia94/24
HpGP-COL-110	100.00	1	1	S1	1426844	                    Helicobacter pylori NY40
HpGP-COL-112	100.00	1	1	S1	1426844	                    Helicobacter pylori NY40
HpGP-COL-113	100.00	1	1	S1	765962	                    Helicobacter pylori SJM180
HpGP-COL-114	100.00	1	1	S1	1426844	                    Helicobacter pylori NY40
HpGP-COL-118	100.00	1	1	S2	985080	                      Helicobacter pylori 2018
HpGP-COL-119	100.00	1	1	S1	765962	                    Helicobacter pylori SJM180
HpGP-COL-120	100.00	1	1	S1	907240	                    Helicobacter pylori Gambia94/24
HpGP-COL-121	100.00	1	1	S1	765962	                    Helicobacter pylori SJM180
HpGP-COL-122	100.00	1	1	S1	907240	                    Helicobacter pylori Gambia94/24
HpGP-COL-310	100.00	1	1	S1	907239	                    Helicobacter pylori SouthAfrica7
HpGP-COL-318	100.00	1	1	S1	1426844	                    Helicobacter pylori NY40
HpGP-CRI-001	100.00	1	1	S1	1055527	                    Helicobacter pylori ELS37
HpGP-CRI-002	100.00	1	1	S1	765962	                    Helicobacter pylori SJM180
HpGP-CRI-003	100.00	1	1	S1	1055527	                    Helicobacter pylori ELS37
HpGP-CRI-004	100.00	1	1	S2	985080	                      Helicobacter pylori 2018
HpGP-CRI-005	100.00	1	1	S1	765962	                    Helicobacter pylori SJM180
HpGP-CRI-006	100.00	1	1	S1	1426844	                    Helicobacter pylori NY40
HpGP-CRI-007	100.00	1	1	S2	985080	                      Helicobacter pylori 2018
HpGP-CRI-008	100.00	1	1	S1	1055527	                    Helicobacter pylori ELS37
HpGP-DOM-001	100.00	1	1	S1	1426844	                    Helicobacter pylori NY40
HpGP-DOM-002	100.00	1	1	S1	907240	                    Helicobacter pylori Gambia94/24
HpGP-DOM-003	100.00	1	1	S1	1426844	                    Helicobacter pylori NY40
HpGP-DOM-004	100.00	1	1	S2	985080	                      Helicobacter pylori 2018
HpGP-DOM-005	100.00	1	1	S1	1426844	                    Helicobacter pylori NY40
HpGP-DOM-006	100.00	1	1	S2	985080	                      Helicobacter pylori 2018
HpGP-DOM-007	100.00	1	1	S2	985080	                      Helicobacter pylori 2018
HpGP-DOM-008	100.00	1	1	S1	907240	                    Helicobacter pylori Gambia94/24
HpGP-DOM-009	100.00	1	1	S1	1426844	                    Helicobacter pylori NY40
HpGP-DOM-010	100.00	1	1	S1	907240	                    Helicobacter pylori Gambia94/24
HpGP-DOM-011	100.00	1	1	S2	985080	                      Helicobacter pylori 2018
HpGP-FRA-001	100.00	1	1	S1	1426844	                    Helicobacter pylori NY40
HpGP-FRA-002	100.00	1	1	S1	357544	                    Helicobacter pylori HPAG1
HpGP-FRA-003	100.00	1	1	S1	592205	                    Helicobacter pylori B38
HpGP-FRA-004	100.00	1	1	S1	1163743	                    Helicobacter pylori HUP-B14
HpGP-FRA-005	100.00	1	1	S1	1163743	                    Helicobacter pylori HUP-B14
HpGP-FRA-006	100.00	1	1	S1	592205	                    Helicobacter pylori B38
HpGP-FRA-007	100.00	1	1	S1	907237	                    Helicobacter pylori Lithuania75
HpGP-FRA-008	100.00	1	1	S1	592205	                    Helicobacter pylori B38
HpGP-FRA-009	100.00	1	1	S1	907240	                    Helicobacter pylori Gambia94/24
HpGP-FRA-010	100.00	1	1	S1	1163743	                    Helicobacter pylori HUP-B14
HpGP-FRA-011	100.00	1	1	S1	907237	                    Helicobacter pylori Lithuania75
HpGP-FRA-012	100.00	1	1	S1	357544	                    Helicobacter pylori HPAG1
HpGP-FRA-013	100.00	1	1	S1	592205	                    Helicobacter pylori B38
HpGP-FRA-014	100.00	1	1	S1	357544	                    Helicobacter pylori HPAG1
HpGP-FRA-015	100.00	1	1	S1	592205	                    Helicobacter pylori B38
HpGP-FRA-016	100.00	1	1	S1	1426844	                    Helicobacter pylori NY40
HpGP-FRA-017	100.00	1	1	S1	1426844	                    Helicobacter pylori NY40
HpGP-FRA-018	100.00	1	1	S1	907239	                    Helicobacter pylori SouthAfrica7
HpGP-FRA-019	100.00	1	1	S1	592205	                    Helicobacter pylori B38
HpGP-FRA-020	100.00	1	1	S1	1055527	                    Helicobacter pylori ELS37
HpGP-FRA-021	100.00	1	1	S1	907237	                    Helicobacter pylori Lithuania75
HpGP-GER-001	100.00	1	1	S1	1426844	                    Helicobacter pylori NY40
HpGP-GER-002	100.00	1	1	S1	907237	                    Helicobacter pylori Lithuania75
HpGP-GER-003	100.00	1	1	S1	907237	                    Helicobacter pylori Lithuania75
HpGP-GER-004	100.00	1	1	S1	592205	                    Helicobacter pylori B38
HpGP-GER-005	100.00	1	1	S1	907237	                    Helicobacter pylori Lithuania75
HpGP-GER-006	100.00	1	1	S1	907237	                    Helicobacter pylori Lithuania75
HpGP-GER-007	100.00	1	1	S1	357544	                    Helicobacter pylori HPAG1
HpGP-GER-009	100.00	1	1	S1	1163743	                    Helicobacter pylori HUP-B14
HpGP-GER-010	100.00	1	1	S1	357544	                    Helicobacter pylori HPAG1
HpGP-GER-012	100.00	1	1	S1	1321939	                    Helicobacter pylori UM037
HpGP-GER-013	100.00	1	1	S1	357544	                    Helicobacter pylori HPAG1
HpGP-GER-015	100.00	1	1	S1	907238	                    Helicobacter pylori India7
HpGP-GER-016	100.00	1	1	S1	907237	                    Helicobacter pylori Lithuania75
HpGP-GER-018	100.00	1	1	S1	592205	                    Helicobacter pylori B38
HpGP-GER-019	100.00	1	1	S1	592205	                    Helicobacter pylori B38
HpGP-GER-020	100.00	1	1	S1	907237	                    Helicobacter pylori Lithuania75
HpGP-GER-021	100.00	1	1	S1	592205	                    Helicobacter pylori B38
HpGP-GHA-003	100.00	1	1	S2	985080	                      Helicobacter pylori 2018
HpGP-GHA-009	100.00	1	1	S2	985080	                      Helicobacter pylori 2018
HpGP-GMB-003	100.00	1	1	S1	907240	                    Helicobacter pylori Gambia94/24
HpGP-GMB-004	100.00	1	1	S1	907240	                    Helicobacter pylori Gambia94/24
HpGP-GMB-007	100.00	1	1	S1	907240	                    Helicobacter pylori Gambia94/24
HpGP-GMB-008	100.00	1	1	S1	907240	                    Helicobacter pylori Gambia94/24
HpGP-GMB-009	100.00	1	1	S1	907240	                    Helicobacter pylori Gambia94/24
HpGP-GRE-001	100.00	1	1	S1	592205	                    Helicobacter pylori B38
HpGP-GRE-002	100.00	1	1	S1	357544	                    Helicobacter pylori HPAG1
HpGP-GRE-003	100.00	1	1	S1	592205	                    Helicobacter pylori B38
HpGP-GRE-004	100.00	1	1	S1	592205	                    Helicobacter pylori B38
HpGP-GRE-005	100.00	1	1	S1	592205	                    Helicobacter pylori B38
HpGP-GRE-006	100.00	1	1	S1	1321939	                    Helicobacter pylori UM037
HpGP-GRE-008	100.00	1	1	S1	907237	                    Helicobacter pylori Lithuania75
HpGP-GRE-011	100.00	1	1	S1	907237	                    Helicobacter pylori Lithuania75
HpGP-GRE-012	100.00	1	1	S1	1163743	                    Helicobacter pylori HUP-B14
HpGP-GRE-018	100.00	1	1	S1	907237	                    Helicobacter pylori Lithuania75
HpGP-GRE-019	100.00	1	1	S1	907237	                    Helicobacter pylori Lithuania75
HpGP-GRE-020	100.00	1	1	S1	592205	                    Helicobacter pylori B38
HpGP-GRE-022	100.00	1	1	S1	907237	                    Helicobacter pylori Lithuania75
HpGP-GRE-036	100.00	1	1	S1	907239	                    Helicobacter pylori SouthAfrica7
HpGP-GRE-039	100.00	1	1	S1	592205	                    Helicobacter pylori B38
HpGP-GRE-040	100.00	1	1	S1	907237	                    Helicobacter pylori Lithuania75
HpGP-GRE-041	100.00	1	1	S1	592205	                    Helicobacter pylori B38
HpGP-GRE-042	100.00	1	1	S1	592205	                    Helicobacter pylori B38
HpGP-GRE-043	100.00	1	1	S1	907237	                    Helicobacter pylori Lithuania75
HpGP-GRE-044	100.00	1	1	S1	1321939	                    Helicobacter pylori UM037
HpGP-GRE-046	100.00	1	1	S1	592205	                    Helicobacter pylori B38
HpGP-GTM-004	100.00	1	1	S1	907240	                    Helicobacter pylori Gambia94/24
HpGP-GTM-007	100.00	1	1	S1	907237	                    Helicobacter pylori Lithuania75
HpGP-GTM-010	100.00	1	1	S1	907240	                    Helicobacter pylori Gambia94/24
HpGP-HON-002	100.00	1	1	S1	1426844	                    Helicobacter pylori NY40
HpGP-HON-003	100.00	1	1	S1	1055527	                    Helicobacter pylori ELS37
HpGP-HON-004	100.00	1	1	S1	1055527	                    Helicobacter pylori ELS37
HpGP-HON-005	100.00	1	1	S1	1055527	                    Helicobacter pylori ELS37
HpGP-HON-006	100.00	1	1	S1	1055527	                    Helicobacter pylori ELS37
HpGP-HON-007	100.00	1	1	S1	1055527	                    Helicobacter pylori ELS37
HpGP-HON-009	100.00	1	1	S1	1055527	                    Helicobacter pylori ELS37
HpGP-HON-010	100.00	1	1	S1	1055527	                    Helicobacter pylori ELS37
HpGP-HON-011	100.00	1	1	S1	1055527	                    Helicobacter pylori ELS37
HpGP-HON-012	100.00	1	1	S1	1055527	                    Helicobacter pylori ELS37
HpGP-HON-013	100.00	1	1	S1	907240	                    Helicobacter pylori Gambia94/24
HpGP-HON-014	100.00	1	1	S1	907240	                    Helicobacter pylori Gambia94/24
HpGP-HON-015	100.00	1	1	S1	1426844	                    Helicobacter pylori NY40
HpGP-HON-016	100.00	1	1	S1	1055527	                    Helicobacter pylori ELS37
HpGP-HON-017	100.00	1	1	S1	1055527	                    Helicobacter pylori ELS37
HpGP-HON-018	100.00	1	1	S1	1055527	                    Helicobacter pylori ELS37
HpGP-HON-019	100.00	1	1	S1	907239	                    Helicobacter pylori SouthAfrica7
HpGP-HON-020	100.00	1	1	S1	1055527	                    Helicobacter pylori ELS37
HpGP-HON-021	100.00	1	1	S1	1055527	                    Helicobacter pylori ELS37
HpGP-HON-023	100.00	1	1	S1	1055527	                    Helicobacter pylori ELS37
HpGP-HON-024	100.00	1	1	S1	1055527	                    Helicobacter pylori ELS37
HpGP-HON-025	100.00	1	1	S1	1055527	                    Helicobacter pylori ELS37
HpGP-HON-028	100.00	1	1	S1	1055527	                    Helicobacter pylori ELS37
HpGP-HON-001	100.00	1	1	S1	1426844	                    Helicobacter pylori NY40
HpGP-HON-026	100.00	1	1	S1	1055527	                    Helicobacter pylori ELS37
HpGP-HON-027	100.00	1	1	S1	1055527	                    Helicobacter pylori ELS37
HpGP-IDN-001	100.00	1	1	S1	907238	                    Helicobacter pylori India7
HpGP-IDN-002	100.00	1	1	S1	1321940	                    Helicobacter pylori UM066
HpGP-IDN-003	100.00	1	1	S1	1321939	                    Helicobacter pylori UM037
HpGP-IDN-004	100.00	1	1	S1	357544	                    Helicobacter pylori HPAG1
HpGP-IDN-005	100.00	1	1	S1	1321940	                    Helicobacter pylori UM066
HpGP-IDN-006	100.00	1	1	S1	1426844	                    Helicobacter pylori NY40
HpGP-IDN-007	100.00	1	1	S1	907239	                    Helicobacter pylori SouthAfrica7
HpGP-IDN-008	100.00	1	1	S1	907239	                    Helicobacter pylori SouthAfrica7
HpGP-IDN-009	100.00	1	1	S1	765962	                    Helicobacter pylori SJM180
HpGP-IDN-010	100.00	1	1	S1	907238	                    Helicobacter pylori India7
HpGP-IDN-011	100.00	1	1	S1	1055532	                    Helicobacter pylori Aklavik86
HpGP-IND-001	100.00	1	1	S1	1055530	                    Helicobacter pylori SNT49
HpGP-IND-002	100.00	1	1	S1	1321939	                    Helicobacter pylori UM037
HpGP-IND-003	100.00	1	1	S1	1321939	                    Helicobacter pylori UM037
HpGP-IND-004	100.00	1	1	S1	1055530	                    Helicobacter pylori SNT49
HpGP-IND-005	100.00	1	1	S1	1321939	                    Helicobacter pylori UM037
HpGP-IND-006	100.00	1	1	S1	1321939	                    Helicobacter pylori UM037
HpGP-IND-007	100.00	1	1	S1	1055530	                    Helicobacter pylori SNT49
HpGP-IND-008	100.00	1	1	S1	1055530	                    Helicobacter pylori SNT49
HpGP-IND-009	100.00	1	1	S1	1055530	                    Helicobacter pylori SNT49
HpGP-IND-010	100.00	1	1	S1	1055530	                    Helicobacter pylori SNT49
HpGP-IRN-001	100.00	1	1	S1	592205	                    Helicobacter pylori B38
HpGP-IRN-002	100.00	1	1	S1	592205	                    Helicobacter pylori B38
HpGP-IRN-003	100.00	1	1	S1	907238	                    Helicobacter pylori India7
HpGP-IRN-009	100.00	1	1	S1	592205	                    Helicobacter pylori B38
HpGP-ISL-001	100.00	1	1	S1	357544	                    Helicobacter pylori HPAG1
HpGP-ISL-002	100.00	1	1	S1	357544	                    Helicobacter pylori HPAG1
HpGP-ISL-003	100.00	1	1	S1	357544	                    Helicobacter pylori HPAG1
HpGP-ISL-004	100.00	1	1	S1	357544	                    Helicobacter pylori HPAG1
HpGP-ISL-005	100.00	1	1	S1	357544	                    Helicobacter pylori HPAG1
HpGP-ISL-006	100.00	1	1	S1	357544	                    Helicobacter pylori HPAG1
HpGP-ISL-007	100.00	1	1	S1	357544	                    Helicobacter pylori HPAG1
HpGP-ISL-008	100.00	1	1	S1	357544	                    Helicobacter pylori HPAG1
HpGP-ISL-009	100.00	1	1	S1	357544	                    Helicobacter pylori HPAG1
HpGP-ISL-010	100.00	1	1	S1	357544	                    Helicobacter pylori HPAG1
HpGP-ISL-011	100.00	1	1	S1	357544	                    Helicobacter pylori HPAG1
HpGP-ISR-001	100.00	1	1	S1	592205	                    Helicobacter pylori B38
HpGP-ISR-002	100.00	1	1	S1	765962	                    Helicobacter pylori SJM180
HpGP-ISR-003	100.00	1	1	S1	765962	                    Helicobacter pylori SJM180
HpGP-ISR-004	100.00	1	1	S1	765962	                    Helicobacter pylori SJM180
HpGP-ISR-005	100.00	1	1	S1	907239	                    Helicobacter pylori SouthAfrica7
HpGP-ISR-006	100.00	1	1	S1	907237	                    Helicobacter pylori Lithuania75
HpGP-ISR-007	100.00	1	1	S1	1321939	                    Helicobacter pylori UM037
HpGP-ISR-008	100.00	1	1	S1	907240	                    Helicobacter pylori Gambia94/24
HpGP-ISR-009	100.00	1	1	S1	1426844	                    Helicobacter pylori NY40
HpGP-ISR-010	100.00	1	1	S1	592205	                    Helicobacter pylori B38
HpGP-ITA-001	100.00	1	1	S1	592205	                    Helicobacter pylori B38
HpGP-ITA-002	100.00	1	1	S1	592205	                    Helicobacter pylori B38
HpGP-ITA-003	100.00	1	1	S1	1426844	                    Helicobacter pylori NY40
HpGP-ITA-004	100.00	1	1	S1	592205	                    Helicobacter pylori B38
HpGP-ITA-005	100.00	1	1	S1	1321939	                    Helicobacter pylori UM037
HpGP-ITA-006	100.00	1	1	S1	592205	                    Helicobacter pylori B38
HpGP-ITA-007	100.00	1	1	S1	765962	                    Helicobacter pylori SJM180
HpGP-ITA-008	100.00	1	1	S1	907237	                    Helicobacter pylori Lithuania75
HpGP-ITA-009	100.00	1	1	S1	1321939	                    Helicobacter pylori UM037
HpGP-ITA-010	100.00	1	1	S1	592205	                    Helicobacter pylori B38
HpGP-ITA-011	100.00	1	1	S1	592205	                    Helicobacter pylori B38
HpGP-ITA-012	100.00	1	1	S1	592205	                    Helicobacter pylori B38
HpGP-ITA-013	100.00	1	1	S1	592205	                    Helicobacter pylori B38
HpGP-ITA-014	100.00	1	1	S1	765962	                    Helicobacter pylori SJM180
HpGP-ITA-015	100.00	1	1	S1	765962	                    Helicobacter pylori SJM180
HpGP-ITA-016	100.00	1	1	S1	765962	                    Helicobacter pylori SJM180
HpGP-ITA-017	100.00	1	1	S1	357544	                    Helicobacter pylori HPAG1
HpGP-ITA-018	100.00	1	1	S1	592205	                    Helicobacter pylori B38
HpGP-ITA-019	100.00	1	1	S1	357544	                    Helicobacter pylori HPAG1
HpGP-ITA-020	100.00	1	1	S1	592205	                    Helicobacter pylori B38
HpGP-ITA-022	100.00	1	1	S1	907237	                    Helicobacter pylori Lithuania75
HpGP-ITA-023	100.00	1	1	S1	1321939	                    Helicobacter pylori UM037
HpGP-ITA-024	100.00	1	1	S	210	                  Helicobacter pylori
HpGP-ITA-025	100.00	1	1	S1	592205	                    Helicobacter pylori B38
HpGP-ITA-026	100.00	1	1	S1	592205	                    Helicobacter pylori B38
HpGP-ITA-027	100.00	1	1	S1	907237	                    Helicobacter pylori Lithuania75
HpGP-ITA-028	100.00	1	1	S1	907237	                    Helicobacter pylori Lithuania75
HpGP-ITA-029	100.00	1	1	S1	907237	                    Helicobacter pylori Lithuania75
HpGP-ITA-030	100.00	1	1	S1	357544	                    Helicobacter pylori HPAG1
HpGP-JAP-002	100.00	1	1	S1	1382922	                    Helicobacter pylori oki128
HpGP-JAP-009	100.00	1	1	S1	102608	                    Helicobacter pylori F32
HpGP-JAP-010	100.00	1	1	S1	1321940	                    Helicobacter pylori UM066
HpGP-JAP-012	100.00	1	1	S1	1248726	                    Helicobacter pylori OK310
HpGP-JAP-013	100.00	1	1	S1	585538	                    Helicobacter pylori 83
HpGP-JAP-015	100.00	1	1	S1	866345	                    Helicobacter pylori F30
HpGP-JAP-016	100.00	1	1	S1	866346	                    Helicobacter pylori F57
HpGP-JAP-017	100.00	1	1	S1	1248726	                    Helicobacter pylori OK310
HpGP-JAP-019	100.00	1	1	S1	866346	                    Helicobacter pylori F57
HpGP-JAP-021	100.00	1	1	S1	585538	                    Helicobacter pylori 83
HpGP-JAP-022	100.00	1	1	S1	1382922	                    Helicobacter pylori oki128
HpGP-JAP-026	100.00	1	1	S1	1248725	                    Helicobacter pylori OK113
HpGP-JAP-028	100.00	1	1	S1	866346	                    Helicobacter pylori F57
HpGP-JAP-029	100.00	1	1	S1	866346	                    Helicobacter pylori F57
HpGP-JAP-101	100.00	1	1	S1	1382922	                    Helicobacter pylori oki128
HpGP-JAP-102	100.00	1	1	S1	1382920	                    Helicobacter pylori oki102
HpGP-JAP-103	100.00	1	1	S1	1248726	                    Helicobacter pylori OK310
HpGP-JAP-104	100.00	1	1	S1	1382921	                    Helicobacter pylori oki112
HpGP-JAP-105	100.00	1	1	S1	1382922	                    Helicobacter pylori oki128
HpGP-JAP-106	100.00	1	1	S1	1248725	                    Helicobacter pylori OK113
HpGP-JAP-107	100.00	1	1	S1	1248725	                    Helicobacter pylori OK113
HpGP-JAP-108	100.00	1	1	S1	1248725	                    Helicobacter pylori OK113
HpGP-JAP-109	100.00	1	1	S1	1248725	                    Helicobacter pylori OK113
HpGP-JAP-110	100.00	1	1	S1	1055527	                    Helicobacter pylori ELS37
HpGP-JAP-111	100.00	1	1	S1	907239	                    Helicobacter pylori SouthAfrica7
HpGP-JAP-112	100.00	1	1	S1	102608	                    Helicobacter pylori F32
HpGP-JAP-113	100.00	1	1	S1	866346	                    Helicobacter pylori F57
HpGP-JAP-114	100.00	1	1	S1	1248725	                    Helicobacter pylori OK113
HpGP-JAP-115	100.00	1	1	S1	1382923	                    Helicobacter pylori oki154
HpGP-JOR-001	100.00	1	1	S1	1321939	                    Helicobacter pylori UM037
HpGP-JOR-002	100.00	1	1	S1	1163743	                    Helicobacter pylori HUP-B14
HpGP-JOR-003	100.00	1	1	S1	907239	                    Helicobacter pylori SouthAfrica7
HpGP-JOR-004	100.00	1	1	S1	907239	                    Helicobacter pylori SouthAfrica7
HpGP-JOR-005	100.00	1	1	S1	1426844	                    Helicobacter pylori NY40
HpGP-JOR-006	100.00	1	1	S2	985080	                      Helicobacter pylori 2018
HpGP-JOR-007	100.00	1	1	S1	1321939	                    Helicobacter pylori UM037
HpGP-JOR-008	100.00	1	1	S1	1321939	                    Helicobacter pylori UM037
HpGP-JOR-009	100.00	1	1	S1	1321939	                    Helicobacter pylori UM037
HpGP-JOR-010	100.00	1	1	S1	1321939	                    Helicobacter pylori UM037
HpGP-KAZ-001	100.00	1	1	S1	592205	                    Helicobacter pylori B38
HpGP-KAZ-002	100.00	1	1	S1	1055532	                    Helicobacter pylori Aklavik86
HpGP-KGZ-001	100.00	1	1	S1	1321939	                    Helicobacter pylori UM037
HpGP-KGZ-002	100.00	1	1	S1	907237	                    Helicobacter pylori Lithuania75
HpGP-KGZ-003	100.00	1	1	S1	1321939	                    Helicobacter pylori UM037
HpGP-KGZ-004	100.00	1	1	S1	907238	                    Helicobacter pylori India7
HpGP-KGZ-005	100.00	1	1	S1	1055532	                    Helicobacter pylori Aklavik86
HpGP-KGZ-006	100.00	1	1	S1	1055532	                    Helicobacter pylori Aklavik86
HpGP-KGZ-007	100.00	1	1	S1	1321939	                    Helicobacter pylori UM037
HpGP-KGZ-008	100.00	1	1	S1	1321939	                    Helicobacter pylori UM037
HpGP-KGZ-009	100.00	1	1	S1	907237	                    Helicobacter pylori Lithuania75
HpGP-KGZ-010	100.00	1	1	S1	765962	                    Helicobacter pylori SJM180
HpGP-KOR-001	100.00	1	1	S1	102608	                    Helicobacter pylori F32
HpGP-KOR-002	100.00	1	1	S1	585538	                    Helicobacter pylori 83
HpGP-KOR-004	100.00	1	1	S1	102608	                    Helicobacter pylori F32
HpGP-KOR-005	100.00	1	1	S1	102608	                    Helicobacter pylori F32
HpGP-KOR-006	100.00	1	1	S1	585538	                    Helicobacter pylori 83
HpGP-KOR-007	100.00	1	1	S1	102608	                    Helicobacter pylori F32
HpGP-KOR-008	100.00	1	1	S1	102608	                    Helicobacter pylori F32
HpGP-KOR-009	100.00	1	1	S1	102608	                    Helicobacter pylori F32
HpGP-KOR-010	100.00	1	1	S1	102608	                    Helicobacter pylori F32
HpGP-KOR-012	100.00	1	1	S1	102608	                    Helicobacter pylori F32
HpGP-KOR-013	100.00	1	1	S1	585538	                    Helicobacter pylori 83
HpGP-KOR-014	100.00	1	1	S1	585538	                    Helicobacter pylori 83
HpGP-KOR-016	100.00	1	1	S1	102608	                    Helicobacter pylori F32
HpGP-KOR-019	100.00	1	1	S1	102608	                    Helicobacter pylori F32
HpGP-KOR-020	100.00	1	1	S1	102608	                    Helicobacter pylori F32
HpGP-KOR-021	100.00	1	1	S1	102608	                    Helicobacter pylori F32
HpGP-KOR-022	100.00	1	1	S1	102608	                    Helicobacter pylori F32
HpGP-KOR-023	100.00	1	1	S1	585538	                    Helicobacter pylori 83
HpGP-KOR-024	100.00	1	1	S1	102608	                    Helicobacter pylori F32
HpGP-KOR-025	100.00	1	1	S1	102608	                    Helicobacter pylori F32
HpGP-KOR-027	100.00	1	1	S1	1382922	                    Helicobacter pylori oki128
HpGP-KOR-028	100.00	1	1	S1	102608	                    Helicobacter pylori F32
HpGP-KOR-029	100.00	1	1	S1	102608	                    Helicobacter pylori F32
HpGP-KOR-032	100.00	1	1	S1	102608	                    Helicobacter pylori F32
HpGP-KOR-033	100.00	1	1	S1	102608	                    Helicobacter pylori F32
HpGP-KOR-034	100.00	1	1	S1	102608	                    Helicobacter pylori F32
HpGP-KOR-035	100.00	1	1	S1	102608	                    Helicobacter pylori F32
HpGP-KOR-036	100.00	1	1	S1	102608	                    Helicobacter pylori F32
HpGP-KOR-037	100.00	1	1	S1	102608	                    Helicobacter pylori F32
HpGP-KOR-041	100.00	1	1	S1	102608	                    Helicobacter pylori F32
HpGP-KOR-042	100.00	1	1	S1	102608	                    Helicobacter pylori F32
HpGP-KOR-043	100.00	1	1	S1	102608	                    Helicobacter pylori F32
HpGP-KOR-044	100.00	1	1	S1	102608	                    Helicobacter pylori F32
HpGP-KOR-045	100.00	1	1	S1	102608	                    Helicobacter pylori F32
HpGP-KOR-046	100.00	1	1	S1	585538	                    Helicobacter pylori 83
HpGP-KOR-047	100.00	1	1	S1	102608	                    Helicobacter pylori F32
HpGP-KOR-048	100.00	1	1	S1	102608	                    Helicobacter pylori F32
HpGP-KOR-049	100.00	1	1	S1	102608	                    Helicobacter pylori F32
HpGP-KOR-050	100.00	1	1	S1	102608	                    Helicobacter pylori F32
HpGP-KOR-051	100.00	1	1	S1	907239	                    Helicobacter pylori SouthAfrica7
HpGP-KOR-052	100.00	1	1	S1	907239	                    Helicobacter pylori SouthAfrica7
HpGP-KOR-053	100.00	1	1	S	210	                  Helicobacter pylori
HpGP-KOR-101	100.00	1	1	S1	907239	                    Helicobacter pylori SouthAfrica7
HpGP-KOR-105	100.00	1	1	S1	102608	                    Helicobacter pylori F32
HpGP-KOR-109	100.00	1	1	S1	102608	                    Helicobacter pylori F32
HpGP-KOR-110	100.00	1	1	S1	1055532	                    Helicobacter pylori Aklavik86
HpGP-KOR-111	100.00	1	1	S1	585538	                    Helicobacter pylori 83
HpGP-KOR-112	100.00	1	1	S1	102608	                    Helicobacter pylori F32
HpGP-KOR-114	100.00	1	1	S1	102608	                    Helicobacter pylori F32
HpGP-KOR-115	100.00	1	1	S1	102608	                    Helicobacter pylori F32
HpGP-KOR-116	100.00	1	1	S1	866346	                    Helicobacter pylori F57
HpGP-KOR-117	100.00	1	1	S1	102608	                    Helicobacter pylori F32
HpGP-KOR-118	100.00	1	1	S1	102608	                    Helicobacter pylori F32
HpGP-KOR-119	100.00	1	1	S1	1055531	                    Helicobacter pylori Aklavik117
HpGP-LAT-002	100.00	1	1	S1	592205	                    Helicobacter pylori B38
HpGP-LAT-005	100.00	1	1	S1	907237	                    Helicobacter pylori Lithuania75
HpGP-LAT-007	100.00	1	1	S1	907237	                    Helicobacter pylori Lithuania75
HpGP-LAT-008	100.00	1	1	S1	907237	                    Helicobacter pylori Lithuania75
HpGP-LAT-009	100.00	1	1	S1	907237	                    Helicobacter pylori Lithuania75
HpGP-LAT-010	100.00	1	1	S1	907237	                    Helicobacter pylori Lithuania75
HpGP-LAT-011	100.00	1	1	S1	907237	                    Helicobacter pylori Lithuania75
HpGP-LAT-012	100.00	1	1	S1	1321939	                    Helicobacter pylori UM037
HpGP-LAT-014	100.00	1	1	S1	907237	                    Helicobacter pylori Lithuania75
HpGP-LAT-015	100.00	1	1	S1	907237	                    Helicobacter pylori Lithuania75
HpGP-LAT-020	100.00	1	1	S1	907237	                    Helicobacter pylori Lithuania75
HpGP-LAT-021	100.00	1	1	S1	907237	                    Helicobacter pylori Lithuania75
HpGP-LAT-022	100.00	1	1	S1	357544	                    Helicobacter pylori HPAG1
HpGP-LAT-023	100.00	1	1	S1	907237	                    Helicobacter pylori Lithuania75
HpGP-LAT-024	100.00	1	1	S1	907237	                    Helicobacter pylori Lithuania75
HpGP-LAT-025	100.00	1	1	S1	907237	                    Helicobacter pylori Lithuania75
HpGP-LAT-026	100.00	1	1	S1	907237	                    Helicobacter pylori Lithuania75
HpGP-LAT-027	100.00	1	1	S1	907238	                    Helicobacter pylori India7
HpGP-LAT-028	100.00	1	1	S1	907237	                    Helicobacter pylori Lithuania75
HpGP-LAT-029	100.00	1	1	S1	1321939	                    Helicobacter pylori UM037
HpGP-LAT-030	100.00	1	1	S1	907237	                    Helicobacter pylori Lithuania75
HpGP-LAT-031	100.00	1	1	S1	907237	                    Helicobacter pylori Lithuania75
HpGP-LAT-032	100.00	1	1	S1	907237	                    Helicobacter pylori Lithuania75
HpGP-LAT-033	100.00	1	1	S1	592205	                    Helicobacter pylori B38
HpGP-LAT-034	100.00	1	1	S1	907237	                    Helicobacter pylori Lithuania75
HpGP-LAT-035	100.00	1	1	S1	907237	                    Helicobacter pylori Lithuania75
HpGP-LAT-036	100.00	1	1	S1	907237	                    Helicobacter pylori Lithuania75
HpGP-LIT-001	100.00	1	1	S1	907237	                    Helicobacter pylori Lithuania75
HpGP-LIT-002	100.00	1	1	S1	907237	                    Helicobacter pylori Lithuania75
HpGP-LIT-003	100.00	1	1	S1	907237	                    Helicobacter pylori Lithuania75
HpGP-LIT-004	100.00	1	1	S1	907237	                    Helicobacter pylori Lithuania75
HpGP-LIT-006	100.00	1	1	S1	907237	                    Helicobacter pylori Lithuania75
HpGP-LIT-007	100.00	1	1	S1	1321939	                    Helicobacter pylori UM037
HpGP-LIT-008	100.00	1	1	S1	907237	                    Helicobacter pylori Lithuania75
HpGP-LIT-010	100.00	1	1	S1	907237	                    Helicobacter pylori Lithuania75
HpGP-LIT-012	100.00	1	1	S1	357544	                    Helicobacter pylori HPAG1
HpGP-LIT-013	100.00	1	1	S1	907237	                    Helicobacter pylori Lithuania75
HpGP-LIT-020	100.00	1	1	S1	907237	                    Helicobacter pylori Lithuania75
HpGP-LIT-021	100.00	1	1	S1	907237	                    Helicobacter pylori Lithuania75
HpGP-LIT-023	100.00	1	1	S1	907237	                    Helicobacter pylori Lithuania75
HpGP-LIT-024	100.00	1	1	S1	907237	                    Helicobacter pylori Lithuania75
HpGP-LIT-025	100.00	1	1	S1	907237	                    Helicobacter pylori Lithuania75
HpGP-LIT-026	100.00	1	1	S1	907237	                    Helicobacter pylori Lithuania75
HpGP-LIT-028	100.00	1	1	S1	907237	                    Helicobacter pylori Lithuania75
HpGP-LIT-029	100.00	1	1	S1	907237	                    Helicobacter pylori Lithuania75
HpGP-LIT-030	100.00	1	1	S1	907237	                    Helicobacter pylori Lithuania75
HpGP-LIT-031	100.00	1	1	S1	907237	                    Helicobacter pylori Lithuania75
HpGP-LIT-032	100.00	1	1	S1	357544	                    Helicobacter pylori HPAG1
HpGP-LIT-035	100.00	1	1	S1	907237	                    Helicobacter pylori Lithuania75
HpGP-LIT-041	100.00	1	1	S1	907237	                    Helicobacter pylori Lithuania75
HpGP-MAL-002	100.00	1	1	S1	907238	                    Helicobacter pylori India7
HpGP-MAL-003	100.00	1	1	S1	1321940	                    Helicobacter pylori UM066
HpGP-MAL-004	100.00	1	1	S1	1055530	                    Helicobacter pylori SNT49
HpGP-MAL-005	100.00	1	1	S1	1248726	                    Helicobacter pylori OK310
HpGP-MAL-006	100.00	1	1	S1	1321940	                    Helicobacter pylori UM066
HpGP-MAL-007	100.00	1	1	S1	1321939	                    Helicobacter pylori UM037
HpGP-MAL-008	100.00	1	1	S1	1321940	                    Helicobacter pylori UM066
HpGP-MAL-010	100.00	1	1	S1	1321940	                    Helicobacter pylori UM066
HpGP-MAL-012	100.00	1	1	S1	1321940	                    Helicobacter pylori UM066
HpGP-MAL-015	100.00	1	1	S1	1321940	                    Helicobacter pylori UM066
HpGP-MAL-016	100.00	1	1	S1	1055530	                    Helicobacter pylori SNT49
HpGP-MAL-017	100.00	1	1	S1	1055530	                    Helicobacter pylori SNT49
HpGP-MAL-018	100.00	1	1	S1	1321940	                    Helicobacter pylori UM066
HpGP-MAL-019	100.00	1	1	S1	1055530	                    Helicobacter pylori SNT49
HpGP-MAL-020	100.00	1	1	S1	1321940	                    Helicobacter pylori UM066
HpGP-MAL-021	100.00	1	1	S1	1321940	                    Helicobacter pylori UM066
HpGP-MAL-022	100.00	1	1	S1	1321940	                    Helicobacter pylori UM066
HpGP-MAL-023	100.00	1	1	S1	1321940	                    Helicobacter pylori UM066
HpGP-MAL-025	100.00	1	1	S1	1055530	                    Helicobacter pylori SNT49
HpGP-MEX-001	100.00	1	1	S1	1426844	                    Helicobacter pylori NY40
HpGP-MEX-002	100.00	1	1	S1	1426844	                    Helicobacter pylori NY40
HpGP-MEX-003	100.00	1	1	S1	1055527	                    Helicobacter pylori ELS37
HpGP-MEX-004	100.00	1	1	S1	1055527	                    Helicobacter pylori ELS37
HpGP-MEX-006	100.00	1	1	S1	1055527	                    Helicobacter pylori ELS37
HpGP-MEX-007	100.00	1	1	S1	592205	                    Helicobacter pylori B38
HpGP-MEX-008	100.00	1	1	S1	907239	                    Helicobacter pylori SouthAfrica7
HpGP-MEX-009	100.00	1	1	S1	1055527	                    Helicobacter pylori ELS37
HpGP-MEX-010	100.00	1	1	S1	1426844	                    Helicobacter pylori NY40
HpGP-MEX-012	100.00	1	1	S1	765962	                    Helicobacter pylori SJM180
HpGP-MEX-023	100.00	1	1	S1	1055527	                    Helicobacter pylori ELS37
HpGP-MEX-024	100.00	1	1	S1	1426844	                    Helicobacter pylori NY40
HpGP-MEX-027	100.00	1	1	S1	1426844	                    Helicobacter pylori NY40
HpGP-MEX-028	100.00	1	1	S1	1055531	                    Helicobacter pylori Aklavik117
HpGP-MEX-032	100.00	1	1	S1	1426844	                    Helicobacter pylori NY40
HpGP-MEX-035	100.00	1	1	S1	1426844	                    Helicobacter pylori NY40
HpGP-MEX-040	100.00	1	1	S1	765962	                    Helicobacter pylori SJM180
HpGP-MEX-041	100.00	1	1	S2	985080	                      Helicobacter pylori 2018
HpGP-MEX-043	100.00	1	1	S1	1055527	                    Helicobacter pylori ELS37
HpGP-MEX-044	100.00	1	1	S1	1055527	                    Helicobacter pylori ELS37
HpGP-MEX-045	100.00	1	1	S1	907240	                    Helicobacter pylori Gambia94/24
HpGP-MEX-046	100.00	1	1	S1	907240	                    Helicobacter pylori Gambia94/24
HpGP-MMR-001	100.00	1	1	S1	1055530	                    Helicobacter pylori SNT49
HpGP-MMR-002	100.00	1	1	S1	1055530	                    Helicobacter pylori SNT49
HpGP-MMR-003	100.00	1	1	S1	1055530	                    Helicobacter pylori SNT49
HpGP-MMR-004	100.00	1	1	S1	1055530	                    Helicobacter pylori SNT49
HpGP-MMR-005	100.00	1	1	S1	1055530	                    Helicobacter pylori SNT49
HpGP-MMR-006	100.00	1	1	S1	1055530	                    Helicobacter pylori SNT49
HpGP-MMR-007	100.00	1	1	S1	1055530	                    Helicobacter pylori SNT49
HpGP-MMR-008	100.00	1	1	S1	1055530	                    Helicobacter pylori SNT49
HpGP-MMR-009	100.00	1	1	S1	1055530	                    Helicobacter pylori SNT49
HpGP-MMR-010	100.00	1	1	S1	907238	                    Helicobacter pylori India7
HpGP-MMR-011	100.00	1	1	S1	1055530	                    Helicobacter pylori SNT49
HpGP-MMR-012	100.00	1	1	S1	907238	                    Helicobacter pylori India7
HpGP-COL-301	100.00	1	1	S1	1055527	                    Helicobacter pylori ELS37
HpGP-COL-302	100.00	1	1	S1	1055527	                    Helicobacter pylori ELS37
HpGP-COL-303	100.00	1	1	S1	765962	                    Helicobacter pylori SJM180
HpGP-COL-201	100.00	1	1	S1	1163743	                    Helicobacter pylori HUP-B14
HpGP-COL-202	100.00	1	1	S1	1163743	                    Helicobacter pylori HUP-B14
HpGP-COL-203	100.00	1	1	S1	907239	                    Helicobacter pylori SouthAfrica7
HpGP-COL-204	100.00	1	1	S1	907240	                    Helicobacter pylori Gambia94/24
HpGP-COL-205	100.00	1	1	S2	985080	                      Helicobacter pylori 2018
HpGP-COL-206	100.00	1	1	S1	1163742	                    Helicobacter pylori PeCan18
HpGP-NGA-006	100.00	1	1	S1	907240	                    Helicobacter pylori Gambia94/24
HpGP-NGA-010	100.00	1	1	S1	907240	                    Helicobacter pylori Gambia94/24
HpGP-NGA-017	100.00	1	1	S1	907240	                    Helicobacter pylori Gambia94/24
HpGP-NGA-019	100.00	1	1	S2	985080	                      Helicobacter pylori 2018
HpGP-NPL-001	100.00	1	1	S1	1055530	                    Helicobacter pylori SNT49
HpGP-NPL-002	100.00	1	1	S1	907238	                    Helicobacter pylori India7
HpGP-NPL-003	100.00	1	1	S1	907238	                    Helicobacter pylori India7
HpGP-NPL-004	100.00	1	1	S1	1055530	                    Helicobacter pylori SNT49
HpGP-NPL-005	100.00	1	1	S1	1321939	                    Helicobacter pylori UM037
HpGP-NPL-006	100.00	1	1	S1	1321939	                    Helicobacter pylori UM037
HpGP-NPL-007	100.00	1	1	S1	1055530	                    Helicobacter pylori SNT49
HpGP-NPL-008	100.00	1	1	S1	907238	                    Helicobacter pylori India7
HpGP-NPL-009	100.00	1	1	S1	907238	                    Helicobacter pylori India7
HpGP-NPL-010	100.00	1	1	S1	1321939	                    Helicobacter pylori UM037
HpGP-NPL-011	100.00	1	1	S1	1055530	                    Helicobacter pylori SNT49
HpGP-NPL-012	100.00	1	1	S1	1321939	                    Helicobacter pylori UM037
HpGP-NPL-013	100.00	1	1	S1	1055530	                    Helicobacter pylori SNT49
HpGP-PER-011	100.00	1	1	S1	765962	                    Helicobacter pylori SJM180
HpGP-PER-013	100.00	1	1	S1	907240	                    Helicobacter pylori Gambia94/24
HpGP-PER-014	100.00	1	1	S1	907239	                    Helicobacter pylori SouthAfrica7
HpGP-PER-016	100.00	1	1	S1	1163743	                    Helicobacter pylori HUP-B14
HpGP-PER-017	100.00	1	1	S1	1426844	                    Helicobacter pylori NY40
HpGP-PER-018	100.00	1	1	S1	907240	                    Helicobacter pylori Gambia94/24
HpGP-PER-019	100.00	1	1	S1	637913	                    Helicobacter pylori v225d
HpGP-PER-020	100.00	1	1	S2	985080	                      Helicobacter pylori 2018
HpGP-PER-021	100.00	1	1	S1	1426844	                    Helicobacter pylori NY40
HpGP-PER-101	100.00	1	1	S1	765962	                    Helicobacter pylori SJM180
HpGP-PER-102	100.00	1	1	S1	765962	                    Helicobacter pylori SJM180
HpGP-PER-103	100.00	1	1	S1	592205	                    Helicobacter pylori B38
HpGP-PER-104	100.00	1	1	S1	765962	                    Helicobacter pylori SJM180
HpGP-PER-105	100.00	1	1	S1	765963	                    Helicobacter pylori PeCan4
HpGP-PER-106	100.00	1	1	S1	765962	                    Helicobacter pylori SJM180
HpGP-PER-107	100.00	1	1	S1	765962	                    Helicobacter pylori SJM180
HpGP-PER-108	100.00	1	1	S1	765962	                    Helicobacter pylori SJM180
HpGP-PER-109	100.00	1	1	S1	1426844	                    Helicobacter pylori NY40
HpGP-PER-110	100.00	1	1	S1	765962	                    Helicobacter pylori SJM180
HpGP-PER-111	100.00	1	1	S1	765963	                    Helicobacter pylori PeCan4
HpGP-PER-112	100.00	1	1	S1	907240	                    Helicobacter pylori Gambia94/24
HpGP-PER-113	100.00	1	1	S1	765962	                    Helicobacter pylori SJM180
HpGP-PER-114	100.00	1	1	S1	907240	                    Helicobacter pylori Gambia94/24
HpGP-PER-115	100.00	1	1	S1	1426844	                    Helicobacter pylori NY40
HpGP-PER-116	100.00	1	1	S1	907239	                    Helicobacter pylori SouthAfrica7
HpGP-PER-117	100.00	1	1	S1	1426844	                    Helicobacter pylori NY40
HpGP-PER-119	100.00	1	1	S1	765962	                    Helicobacter pylori SJM180
HpGP-PER-121	100.00	1	1	S1	1055528	                    Helicobacter pylori Puno120
HpGP-PER-124	100.00	1	1	S1	1055527	                    Helicobacter pylori ELS37
HpGP-PER-130	100.00	1	1	S1	765962	                    Helicobacter pylori SJM180
HpGP-PER-136	100.00	1	1	S1	765962	                    Helicobacter pylori SJM180
HpGP-PER-138	100.00	1	1	S1	1055529	                    Helicobacter pylori Puno135
HpGP-PER-140	100.00	1	1	S1	1426844	                    Helicobacter pylori NY40
HpGP-POL-001	100.00	1	1	S1	907237	                    Helicobacter pylori Lithuania75
HpGP-POL-002	100.00	1	1	S	210	                  Helicobacter pylori
HpGP-POL-003	100.00	1	1	S1	907237	                    Helicobacter pylori Lithuania75
HpGP-POL-004	100.00	1	1	S1	907237	                    Helicobacter pylori Lithuania75
HpGP-POL-005	100.00	1	1	S1	907237	                    Helicobacter pylori Lithuania75
HpGP-POL-006	100.00	1	1	S1	592205	                    Helicobacter pylori B38
HpGP-POL-007	100.00	1	1	S1	1321939	                    Helicobacter pylori UM037
HpGP-POL-008	100.00	1	1	S1	592205	                    Helicobacter pylori B38
HpGP-POL-009	100.00	1	1	S1	907237	                    Helicobacter pylori Lithuania75
HpGP-POL-010	100.00	1	1	S1	1321939	                    Helicobacter pylori UM037
HpGP-POL-101	100.00	1	1	S1	592205	                    Helicobacter pylori B38
HpGP-POL-102	100.00	1	1	S1	907237	                    Helicobacter pylori Lithuania75
HpGP-POL-103	100.00	1	1	S1	907237	                    Helicobacter pylori Lithuania75
HpGP-POL-104	100.00	1	1	S1	907237	                    Helicobacter pylori Lithuania75
HpGP-POL-105	100.00	1	1	S1	907237	                    Helicobacter pylori Lithuania75
HpGP-POL-106	100.00	1	1	S1	907237	                    Helicobacter pylori Lithuania75
HpGP-POL-107	100.00	1	1	S1	907237	                    Helicobacter pylori Lithuania75
HpGP-POL-108	100.00	1	1	S1	907237	                    Helicobacter pylori Lithuania75
HpGP-POL-109	100.00	1	1	S1	907237	                    Helicobacter pylori Lithuania75
HpGP-POL-110	100.00	1	1	S1	1321939	                    Helicobacter pylori UM037
HpGP-POR-001	100.00	1	1	S1	907239	                    Helicobacter pylori SouthAfrica7
HpGP-POR-002	100.00	1	1	S1	1163743	                    Helicobacter pylori HUP-B14
HpGP-POR-003	100.00	1	1	S1	592205	                    Helicobacter pylori B38
HpGP-POR-004	100.00	1	1	S1	907240	                    Helicobacter pylori Gambia94/24
HpGP-POR-005	100.00	1	1	S1	765962	                    Helicobacter pylori SJM180
HpGP-POR-006	100.00	1	1	S1	907239	                    Helicobacter pylori SouthAfrica7
HpGP-POR-007	100.00	1	1	S1	1055527	                    Helicobacter pylori ELS37
HpGP-POR-008	100.00	1	1	S1	1426844	                    Helicobacter pylori NY40
HpGP-POR-009	100.00	1	1	S1	1426844	                    Helicobacter pylori NY40
HpGP-POR-010	100.00	1	1	S1	1426844	                    Helicobacter pylori NY40
HpGP-POR-011	100.00	1	1	S1	1163743	                    Helicobacter pylori HUP-B14
HpGP-POR-012	100.00	1	1	S1	765962	                    Helicobacter pylori SJM180
HpGP-POR-013	100.00	1	1	S1	1426844	                    Helicobacter pylori NY40
HpGP-POR-015	100.00	1	1	S1	1426844	                    Helicobacter pylori NY40
HpGP-POR-018	100.00	1	1	S1	1163743	                    Helicobacter pylori HUP-B14
HpGP-POR-101	100.00	1	1	S1	1426844	                    Helicobacter pylori NY40
HpGP-POR-102	100.00	1	1	S1	907239	                    Helicobacter pylori SouthAfrica7
HpGP-POR-103	100.00	1	1	S1	592205	                    Helicobacter pylori B38
HpGP-POR-104	100.00	1	1	S1	1055527	                    Helicobacter pylori ELS37
HpGP-POR-105	100.00	1	1	S1	765962	                    Helicobacter pylori SJM180
HpGP-POR-106	100.00	1	1	S1	1055527	                    Helicobacter pylori ELS37
HpGP-POR-107	100.00	1	1	S1	907239	                    Helicobacter pylori SouthAfrica7
HpGP-POR-108	100.00	1	1	S1	1055527	                    Helicobacter pylori ELS37
HpGP-POR-109	100.00	1	1	S1	1426844	                    Helicobacter pylori NY40
HpGP-POR-110	100.00	1	1	S1	1055527	                    Helicobacter pylori ELS37
HpGP-POR-111	100.00	1	1	S1	1426844	                    Helicobacter pylori NY40
HpGP-POR-112	100.00	1	1	S1	1163743	                    Helicobacter pylori HUP-B14
HpGP-POR-113	100.00	1	1	S1	907240	                    Helicobacter pylori Gambia94/24
HpGP-POR-114	100.00	1	1	S1	765962	                    Helicobacter pylori SJM180
HpGP-POR-115	100.00	1	1	S1	1426844	                    Helicobacter pylori NY40
HpGP-PRI-001	100.00	1	1	S1	592205	                    Helicobacter pylori B38
HpGP-PRI-002	100.00	1	1	S1	1055527	                    Helicobacter pylori ELS37
HpGP-PRI-004	100.00	1	1	S1	1163743	                    Helicobacter pylori HUP-B14
HpGP-PRI-005	100.00	1	1	S2	985080	                      Helicobacter pylori 2018
HpGP-PRI-006	100.00	1	1	S1	1426844	                    Helicobacter pylori NY40
HpGP-PRI-007	100.00	1	1	S1	592205	                    Helicobacter pylori B38
HpGP-PRI-008	100.00	1	1	S1	907240	                    Helicobacter pylori Gambia94/24
HpGP-COL-207	100.00	1	1	S2	985080	                      Helicobacter pylori 2018
HpGP-COL-211	100.00	1	1	S1	765962	                    Helicobacter pylori SJM180
HpGP-RUS-001	100.00	1	1	S1	907237	                    Helicobacter pylori Lithuania75
HpGP-RUS-002	100.00	1	1	S1	907237	                    Helicobacter pylori Lithuania75
HpGP-RUS-003	100.00	1	1	S1	592205	                    Helicobacter pylori B38
HpGP-RUS-004	100.00	1	1	S1	907237	                    Helicobacter pylori Lithuania75
HpGP-RUS-006	100.00	1	1	S1	907237	                    Helicobacter pylori Lithuania75
HpGP-RUS-007	100.00	1	1	S1	907237	                    Helicobacter pylori Lithuania75
HpGP-RUS-008	100.00	1	1	S1	1321939	                    Helicobacter pylori UM037
HpGP-RUS-009	100.00	1	1	S1	907237	                    Helicobacter pylori Lithuania75
HpGP-RUS-010	100.00	1	1	S1	907237	                    Helicobacter pylori Lithuania75
HpGP-RUS-011	100.00	1	1	S1	907237	                    Helicobacter pylori Lithuania75
HpGP-SGP-002	100.00	1	1	S1	1321940	                    Helicobacter pylori UM066
HpGP-SGP-003	100.00	1	1	S1	1321940	                    Helicobacter pylori UM066
HpGP-SGP-004	100.00	1	1	S1	1321940	                    Helicobacter pylori UM066
HpGP-SGP-005	100.00	1	1	S1	1321940	                    Helicobacter pylori UM066
HpGP-SGP-006	100.00	1	1	S1	1321940	                    Helicobacter pylori UM066
HpGP-SGP-007	100.00	1	1	S1	1248726	                    Helicobacter pylori OK310
HpGP-SGP-008	100.00	1	1	S1	1321940	                    Helicobacter pylori UM066
HpGP-SGP-009	100.00	1	1	S1	1321940	                    Helicobacter pylori UM066
HpGP-SGP-012	100.00	1	1	S1	1321940	                    Helicobacter pylori UM066
HpGP-SGP-013	100.00	1	1	S1	907239	                    Helicobacter pylori SouthAfrica7
HpGP-SGP-014	100.00	1	1	S1	1321940	                    Helicobacter pylori UM066
HpGP-SGP-015	100.00	1	1	S1	1321940	                    Helicobacter pylori UM066
HpGP-SGP-017	100.00	1	1	S1	1321940	                    Helicobacter pylori UM066
HpGP-SGP-018	100.00	1	1	S1	1321940	                    Helicobacter pylori UM066
HpGP-SGP-019	100.00	1	1	S1	1248726	                    Helicobacter pylori OK310
HpGP-SGP-024	100.00	1	1	S1	1321940	                    Helicobacter pylori UM066
HpGP-SGP-026	100.00	1	1	S1	1321940	                    Helicobacter pylori UM066
HpGP-SGP-032	100.00	1	1	S1	1321940	                    Helicobacter pylori UM066
HpGP-SGP-033	100.00	1	1	S1	1321940	                    Helicobacter pylori UM066
HpGP-SGP-036	100.00	1	1	S1	1321940	                    Helicobacter pylori UM066
HpGP-SGP-038	100.00	1	1	S1	1321940	                    Helicobacter pylori UM066
HpGP-SPA-001	100.00	1	1	S1	1163743	                    Helicobacter pylori HUP-B14
HpGP-SPA-002	100.00	1	1	S1	1163743	                    Helicobacter pylori HUP-B14
HpGP-SPA-003	100.00	1	1	S1	765962	                    Helicobacter pylori SJM180
HpGP-SPA-004	100.00	1	1	S1	765962	                    Helicobacter pylori SJM180
HpGP-SPA-005	100.00	1	1	S1	1426844	                    Helicobacter pylori NY40
HpGP-SPA-006	100.00	1	1	S1	907239	                    Helicobacter pylori SouthAfrica7
HpGP-SPA-007	100.00	1	1	S1	592205	                    Helicobacter pylori B38
HpGP-SPA-008	100.00	1	1	S1	592205	                    Helicobacter pylori B38
HpGP-SPA-009	100.00	1	1	S1	592205	                    Helicobacter pylori B38
HpGP-SPA-010	100.00	1	1	S1	1163743	                    Helicobacter pylori HUP-B14
HpGP-SPA-011	100.00	1	1	S1	1321939	                    Helicobacter pylori UM037
HpGP-SPA-012	100.00	1	1	S1	1163743	                    Helicobacter pylori HUP-B14
HpGP-SPA-013	100.00	1	1	S1	1163743	                    Helicobacter pylori HUP-B14
HpGP-SPA-014	100.00	1	1	S1	1055527	                    Helicobacter pylori ELS37
HpGP-SPA-015	100.00	1	1	S1	1055527	                    Helicobacter pylori ELS37
HpGP-SPA-016	100.00	1	1	S1	765962	                    Helicobacter pylori SJM180
HpGP-SPA-017	100.00	1	1	S1	1055527	                    Helicobacter pylori ELS37
HpGP-SPA-018	100.00	1	1	S1	1055527	                    Helicobacter pylori ELS37
HpGP-SPA-019	100.00	1	1	S1	1426844	                    Helicobacter pylori NY40
HpGP-SPA-020	100.00	1	1	S1	1163743	                    Helicobacter pylori HUP-B14
HpGP-SPA-101	100.00	1	1	S1	592205	                    Helicobacter pylori B38
HpGP-SPA-102	100.00	1	1	S1	592205	                    Helicobacter pylori B38
HpGP-SPA-103	100.00	1	1	S1	1163743	                    Helicobacter pylori HUP-B14
HpGP-SPA-104	100.00	1	1	S1	1163743	                    Helicobacter pylori HUP-B14
HpGP-SPA-105	100.00	1	1	S1	907240	                    Helicobacter pylori Gambia94/24
HpGP-SPA-107	100.00	1	1	S1	1426844	                    Helicobacter pylori NY40
HpGP-SPA-108	100.00	1	1	S1	1163743	                    Helicobacter pylori HUP-B14
HpGP-SPA-110	100.00	1	1	S1	592205	                    Helicobacter pylori B38
HpGP-SPA-111	100.00	1	1	S1	592205	                    Helicobacter pylori B38
HpGP-SPA-201	100.00	1	1	S1	765963	                    Helicobacter pylori PeCan4
HpGP-SPA-202	100.00	1	1	S2	985080	                      Helicobacter pylori 2018
HpGP-SPA-203	100.00	1	1	S1	1163743	                    Helicobacter pylori HUP-B14
HpGP-SPA-204	100.00	1	1	S1	907237	                    Helicobacter pylori Lithuania75
HpGP-SPA-205	100.00	1	1	S1	592205	                    Helicobacter pylori B38
HpGP-SPA-206	100.00	1	1	S1	907240	                    Helicobacter pylori Gambia94/24
HpGP-SPA-207	100.00	1	1	S1	765962	                    Helicobacter pylori SJM180
HpGP-SPA-209	100.00	1	1	S1	1163743	                    Helicobacter pylori HUP-B14
HpGP-SPA-210	100.00	1	1	S1	1163743	                    Helicobacter pylori HUP-B14
HpGP-SPA-301	100.00	1	1	S1	1163743	                    Helicobacter pylori HUP-B14
HpGP-SPA-302	100.00	1	1	S1	1163743	                    Helicobacter pylori HUP-B14
HpGP-SPA-303	100.00	1	1	S1	592205	                    Helicobacter pylori B38
HpGP-SPA-304	100.00	1	1	S1	765962	                    Helicobacter pylori SJM180
HpGP-SPA-305	100.00	1	1	S1	1426844	                    Helicobacter pylori NY40
HpGP-SPA-306	100.00	1	1	S1	1426844	                    Helicobacter pylori NY40
HpGP-SPA-307	100.00	1	1	S1	1163743	                    Helicobacter pylori HUP-B14
HpGP-SPA-308	100.00	1	1	S1	1055527	                    Helicobacter pylori ELS37
HpGP-SPA-309	100.00	1	1	S1	907240	                    Helicobacter pylori Gambia94/24
HpGP-SPA-310	100.00	1	1	S1	1055527	                    Helicobacter pylori ELS37
HpGP-SPA-311	100.00	1	1	S1	592205	                    Helicobacter pylori B38
HpGP-SPA-312	100.00	1	1	S1	1426844	                    Helicobacter pylori NY40
HpGP-SPA-313	100.00	1	1	S1	1426844	                    Helicobacter pylori NY40
HpGP-SPA-314	100.00	1	1	S1	1426844	                    Helicobacter pylori NY40
HpGP-SPA-315	100.00	1	1	S1	1163743	                    Helicobacter pylori HUP-B14
HpGP-SPA-316	100.00	1	1	S1	907240	                    Helicobacter pylori Gambia94/24
HpGP-SPA-317	100.00	1	1	S1	907240	                    Helicobacter pylori Gambia94/24
HpGP-SPA-318	100.00	1	1	S1	765962	                    Helicobacter pylori SJM180
HpGP-SPA-319	100.00	1	1	S1	1055527	                    Helicobacter pylori ELS37
HpGP-SPA-320	100.00	1	1	S1	1426844	                    Helicobacter pylori NY40
HpGP-SPA-321	100.00	1	1	S1	765962	                    Helicobacter pylori SJM180
HpGP-SPA-322	100.00	1	1	S1	1163743	                    Helicobacter pylori HUP-B14
HpGP-SPA-323	100.00	1	1	S1	1426844	                    Helicobacter pylori NY40
HpGP-SPA-324	100.00	1	1	S1	592205	                    Helicobacter pylori B38
HpGP-SPA-325	100.00	1	1	S1	765962	                    Helicobacter pylori SJM180
HpGP-SPA-401	100.00	1	1	S1	765962	                    Helicobacter pylori SJM180
HpGP-SPA-402	100.00	1	1	S1	907240	                    Helicobacter pylori Gambia94/24
HpGP-SPA-403	100.00	1	1	S1	765962	                    Helicobacter pylori SJM180
HpGP-SPA-404	100.00	1	1	S1	1055527	                    Helicobacter pylori ELS37
HpGP-SPA-405	100.00	1	1	S2	985080	                      Helicobacter pylori 2018
HpGP-SPA-406	100.00	1	1	S1	765962	                    Helicobacter pylori SJM180
HpGP-SPA-407	100.00	1	1	S1	765962	                    Helicobacter pylori SJM180
HpGP-SPA-409	100.00	1	1	S1	907240	                    Helicobacter pylori Gambia94/24
HpGP-SPA-413	100.00	1	1	S1	907239	                    Helicobacter pylori SouthAfrica7
HpGP-SPA-414	100.00	1	1	S1	592205	                    Helicobacter pylori B38
HpGP-SPA-501	100.00	1	1	S1	1426844	                    Helicobacter pylori NY40
HpGP-SPA-502	100.00	1	1	S1	592205	                    Helicobacter pylori B38
HpGP-SPA-503	100.00	1	1	S1	592205	                    Helicobacter pylori B38
HpGP-SPA-504	100.00	1	1	S1	1163743	                    Helicobacter pylori HUP-B14
HpGP-SPA-505	100.00	1	1	S1	592205	                    Helicobacter pylori B38
HpGP-SPA-506	100.00	1	1	S1	1426844	                    Helicobacter pylori NY40
HpGP-SPA-507	100.00	1	1	S1	765962	                    Helicobacter pylori SJM180
HpGP-SPA-508	100.00	1	1	S	210	                  Helicobacter pylori
HpGP-SPA-509	100.00	1	1	S1	765962	                    Helicobacter pylori SJM180
HpGP-SPA-510	100.00	1	1	S1	592205	                    Helicobacter pylori B38
HpGP-SPA-601	100.00	1	1	S1	765963	                    Helicobacter pylori PeCan4
HpGP-SPA-604	100.00	1	1	S1	1163743	                    Helicobacter pylori HUP-B14
HpGP-SPA-606	100.00	1	1	S1	1321939	                    Helicobacter pylori UM037
HpGP-SPA-607	100.00	1	1	S1	765962	                    Helicobacter pylori SJM180
HpGP-SPA-609	100.00	1	1	S1	907240	                    Helicobacter pylori Gambia94/24
HpGP-SPA-610	100.00	1	1	S1	1055527	                    Helicobacter pylori ELS37
HpGP-SPA-611	100.00	1	1	S1	907240	                    Helicobacter pylori Gambia94/24
HpGP-SPA-701	100.00	1	1	S1	592205	                    Helicobacter pylori B38
HpGP-SPA-702	100.00	1	1	S1	1163743	                    Helicobacter pylori HUP-B14
HpGP-SPA-703	100.00	1	1	S1	1163743	                    Helicobacter pylori HUP-B14
HpGP-SPA-704	100.00	1	1	S1	592205	                    Helicobacter pylori B38
HpGP-SPA-705	100.00	1	1	S1	1055527	                    Helicobacter pylori ELS37
HpGP-SPA-706	100.00	1	1	S1	1055529	                    Helicobacter pylori Puno135
HpGP-SPA-707	100.00	1	1	S1	1426844	                    Helicobacter pylori NY40
HpGP-SPA-709	100.00	1	1	S1	1426844	                    Helicobacter pylori NY40
HpGP-SPA-710	100.00	1	1	S1	1055527	                    Helicobacter pylori ELS37
HpGP-SPA-801	100.00	1	1	S1	1163743	                    Helicobacter pylori HUP-B14
HpGP-SPA-802	100.00	1	1	S1	1426844	                    Helicobacter pylori NY40
HpGP-SPA-803	100.00	1	1	S1	765962	                    Helicobacter pylori SJM180
HpGP-SPA-804	100.00	1	1	S1	1426844	                    Helicobacter pylori NY40
HpGP-SPA-805	100.00	1	1	S1	765962	                    Helicobacter pylori SJM180
HpGP-SPA-806	100.00	1	1	S	210	                  Helicobacter pylori
HpGP-SPA-807	100.00	1	1	S1	765962	                    Helicobacter pylori SJM180
HpGP-SWE-001	100.00	1	1	S1	357544	                    Helicobacter pylori HPAG1
HpGP-SWE-002	100.00	1	1	S1	357544	                    Helicobacter pylori HPAG1
HpGP-SWE-003	100.00	1	1	S1	357544	                    Helicobacter pylori HPAG1
HpGP-SWE-004	100.00	1	1	S1	357544	                    Helicobacter pylori HPAG1
HpGP-SWE-005	100.00	1	1	S1	357544	                    Helicobacter pylori HPAG1
HpGP-SWE-006	100.00	1	1	S1	1321939	                    Helicobacter pylori UM037
HpGP-SWE-007	100.00	1	1	S1	357544	                    Helicobacter pylori HPAG1
HpGP-SWE-008	100.00	1	1	S1	357544	                    Helicobacter pylori HPAG1
HpGP-SWE-010	100.00	1	1	S1	357544	                    Helicobacter pylori HPAG1
HpGP-SWE-012	100.00	1	1	S1	357544	                    Helicobacter pylori HPAG1
HpGP-SWE-013	100.00	1	1	S1	357544	                    Helicobacter pylori HPAG1
HpGP-SWE-014	100.00	1	1	S1	357544	                    Helicobacter pylori HPAG1
HpGP-SWE-015	100.00	1	1	S1	357544	                    Helicobacter pylori HPAG1
HpGP-SWE-016	100.00	1	1	S1	357544	                    Helicobacter pylori HPAG1
HpGP-SWE-017	100.00	1	1	S1	907237	                    Helicobacter pylori Lithuania75
HpGP-SWE-018	100.00	1	1	S1	907239	                    Helicobacter pylori SouthAfrica7
HpGP-SWE-019	100.00	1	1	S1	357544	                    Helicobacter pylori HPAG1
HpGP-SWE-021	100.00	1	1	S1	357544	                    Helicobacter pylori HPAG1
HpGP-SWE-022	100.00	1	1	S1	357544	                    Helicobacter pylori HPAG1
HpGP-SWE-024	100.00	1	1	S1	357544	                    Helicobacter pylori HPAG1
HpGP-SWE-025	100.00	1	1	S1	357544	                    Helicobacter pylori HPAG1
HpGP-SWE-026	100.00	1	1	S1	357544	                    Helicobacter pylori HPAG1
HpGP-SWE-027	100.00	1	1	S1	357544	                    Helicobacter pylori HPAG1
HpGP-SWE-028	100.00	1	1	S1	357544	                    Helicobacter pylori HPAG1
HpGP-SWE-030	100.00	1	1	S1	357544	                    Helicobacter pylori HPAG1
HpGP-SWE-031	100.00	1	1	S1	357544	                    Helicobacter pylori HPAG1
HpGP-SWE-032	100.00	1	1	S1	357544	                    Helicobacter pylori HPAG1
HpGP-SWE-033	100.00	1	1	S1	357544	                    Helicobacter pylori HPAG1
HpGP-SWE-034	100.00	1	1	S1	357544	                    Helicobacter pylori HPAG1
HpGP-SWE-036	100.00	1	1	S1	357544	                    Helicobacter pylori HPAG1
HpGP-SWT-001	100.00	1	1	S1	592205	                    Helicobacter pylori B38
HpGP-SWT-002	100.00	1	1	S1	592205	                    Helicobacter pylori B38
HpGP-SWT-003	100.00	1	1	S1	765962	                    Helicobacter pylori SJM180
HpGP-SWT-004	100.00	1	1	S1	907237	                    Helicobacter pylori Lithuania75
HpGP-SWT-005	100.00	1	1	S1	765962	                    Helicobacter pylori SJM180
HpGP-SWT-006	100.00	1	1	S1	907237	                    Helicobacter pylori Lithuania75
HpGP-SWT-007	100.00	1	1	S1	907237	                    Helicobacter pylori Lithuania75
HpGP-SWT-008	100.00	1	1	S1	907237	                    Helicobacter pylori Lithuania75
HpGP-SWT-010	100.00	1	1	S1	907239	                    Helicobacter pylori SouthAfrica7
HpGP-SWT-011	100.00	1	1	S1	357544	                    Helicobacter pylori HPAG1
HpGP-SWT-012	100.00	1	1	S1	1163743	                    Helicobacter pylori HUP-B14
HpGP-SWT-013	100.00	1	1	S1	907237	                    Helicobacter pylori Lithuania75
HpGP-SWT-014	100.00	1	1	S1	1321939	                    Helicobacter pylori UM037
HpGP-SWT-015	100.00	1	1	S1	1426844	                    Helicobacter pylori NY40
HpGP-SWT-017	100.00	1	1	S1	765962	                    Helicobacter pylori SJM180
HpGP-TUR-001	100.00	1	1	S1	907237	                    Helicobacter pylori Lithuania75
HpGP-TUR-002	100.00	1	1	S1	907237	                    Helicobacter pylori Lithuania75
HpGP-TUR-003	100.00	1	1	S1	592205	                    Helicobacter pylori B38
HpGP-TUR-004	100.00	1	1	S1	1321939	                    Helicobacter pylori UM037
HpGP-TUR-005	100.00	1	1	S1	907237	                    Helicobacter pylori Lithuania75
HpGP-TUR-006	100.00	1	1	S1	907237	                    Helicobacter pylori Lithuania75
HpGP-TUR-007	100.00	1	1	S1	907237	                    Helicobacter pylori Lithuania75
HpGP-TUR-008	100.00	1	1	S1	907237	                    Helicobacter pylori Lithuania75
HpGP-TUR-009	100.00	1	1	S1	907237	                    Helicobacter pylori Lithuania75
HpGP-TUR-010	100.00	1	1	S1	907238	                    Helicobacter pylori India7
HpGP-TUR-011	100.00	1	1	S1	907237	                    Helicobacter pylori Lithuania75
HpGP-TUR-014	100.00	1	1	S1	907237	                    Helicobacter pylori Lithuania75
HpGP-TUR-016	100.00	1	1	S1	907237	                    Helicobacter pylori Lithuania75
HpGP-TUR-017	100.00	1	1	S1	907237	                    Helicobacter pylori Lithuania75
HpGP-TUR-021	100.00	1	1	S1	907237	                    Helicobacter pylori Lithuania75
HpGP-TUR-022	100.00	1	1	S1	907237	                    Helicobacter pylori Lithuania75
HpGP-TUR-023	100.00	1	1	S1	907237	                    Helicobacter pylori Lithuania75
HpGP-TWN-001	100.00	1	1	S1	1321940	                    Helicobacter pylori UM066
HpGP-TWN-002	100.00	1	1	S1	1321940	                    Helicobacter pylori UM066
HpGP-TWN-003	100.00	1	1	S1	1321940	                    Helicobacter pylori UM066
HpGP-TWN-004	100.00	1	1	S1	1321940	                    Helicobacter pylori UM066
HpGP-TWN-005	100.00	1	1	S1	1321940	                    Helicobacter pylori UM066
HpGP-TWN-006	100.00	1	1	S1	1321940	                    Helicobacter pylori UM066
HpGP-TWN-007	100.00	1	1	S1	1321940	                    Helicobacter pylori UM066
HpGP-TWN-008	100.00	1	1	S1	1321940	                    Helicobacter pylori UM066
HpGP-TWN-009	100.00	1	1	S1	1321940	                    Helicobacter pylori UM066
HpGP-TWN-010	100.00	1	1	S1	1248726	                    Helicobacter pylori OK310
HpGP-TWN-016	100.00	1	1	S1	1321940	                    Helicobacter pylori UM066
HpGP-TWN-017	100.00	1	1	S1	1321940	                    Helicobacter pylori UM066
HpGP-TWN-018	100.00	1	1	S1	1321940	                    Helicobacter pylori UM066
HpGP-TWN-019	100.00	1	1	S1	1321940	                    Helicobacter pylori UM066
HpGP-TWN-020	100.00	1	1	S1	1321940	                    Helicobacter pylori UM066
HpGP-TWN-021	100.00	1	1	S1	1321940	                    Helicobacter pylori UM066
HpGP-TWN-022	100.00	1	1	S1	1321940	                    Helicobacter pylori UM066
HpGP-TWN-023	100.00	1	1	S1	1321940	                    Helicobacter pylori UM066
HpGP-TWN-024	100.00	1	1	S1	1321940	                    Helicobacter pylori UM066
HpGP-TWN-026	100.00	1	1	S1	1321940	                    Helicobacter pylori UM066
HpGP-TWN-027	100.00	1	1	S1	1321940	                    Helicobacter pylori UM066
HpGP-TWN-028	100.00	1	1	S1	1321940	                    Helicobacter pylori UM066
HpGP-TWN-029	100.00	1	1	S1	1055532	                    Helicobacter pylori Aklavik86
HpGP-TWN-030	100.00	1	1	S1	1055532	                    Helicobacter pylori Aklavik86
HpGP-USA-001	100.00	1	1	S1	1426844	                    Helicobacter pylori NY40
HpGP-USA-002	100.00	1	1	S1	1426844	                    Helicobacter pylori NY40
HpGP-USA-003	100.00	1	1	S1	1163742	                    Helicobacter pylori PeCan18
HpGP-USA-004	100.00	1	1	S1	765962	                    Helicobacter pylori SJM180
HpGP-USA-005	100.00	1	1	S1	592205	                    Helicobacter pylori B38
HpGP-USA-008	100.00	1	1	S1	907240	                    Helicobacter pylori Gambia94/24
HpGP-USA-009	100.00	1	1	S1	1321939	                    Helicobacter pylori UM037
HpGP-USA-011	100.00	1	1	S1	907239	                    Helicobacter pylori SouthAfrica7
HpGP-USA-101	100.00	1	1	S1	357544	                    Helicobacter pylori HPAG1
HpGP-USA-102	100.00	1	1	S1	907240	                    Helicobacter pylori Gambia94/24
HpGP-USA-104	100.00	1	1	S1	907240	                    Helicobacter pylori Gambia94/24
HpGP-USA-105	100.00	1	1	S2	985080	                      Helicobacter pylori 2018
HpGP-USA-106	100.00	1	1	S1	102611	                    Helicobacter pylori J166
HpGP-USA-115	100.00	1	1	S1	102611	                    Helicobacter pylori J166
HpGP-USA-116	100.00	1	1	S1	102611	                    Helicobacter pylori J166
HpGP-USA-119	100.00	1	1	S1	102611	                    Helicobacter pylori J166
HpGP-USA-120	100.00	1	1	S1	102611	                    Helicobacter pylori J166
HpGP-USA-123	100.00	1	1	S1	907239	                    Helicobacter pylori SouthAfrica7
HpGP-USA-201	100.00	1	1	S1	765963	                    Helicobacter pylori PeCan4
HpGP-USA-202	100.00	1	1	S1	907240	                    Helicobacter pylori Gambia94/24
HpGP-USA-203	100.00	1	1	S1	1426844	                    Helicobacter pylori NY40
HpGP-USA-204	100.00	1	1	S1	765962	                    Helicobacter pylori SJM180
HpGP-USA-205	100.00	1	1	S1	1055531	                    Helicobacter pylori Aklavik117
HpGP-USA-206	100.00	1	1	S1	907240	                    Helicobacter pylori Gambia94/24
HpGP-USA-207	100.00	1	1	S1	1055527	                    Helicobacter pylori ELS37
HpGP-USA-208	100.00	1	1	S1	102611	                    Helicobacter pylori J166
HpGP-USA-301	100.00	1	1	S2	985080	                      Helicobacter pylori 2018
HpGP-USA-302	100.00	1	1	S1	1426844	                    Helicobacter pylori NY40
HpGP-USA-303	100.00	1	1	S1	907240	                    Helicobacter pylori Gambia94/24
HpGP-USA-304	100.00	1	1	S1	907240	                    Helicobacter pylori Gambia94/24
HpGP-USA-305	100.00	1	1	S2	985080	                      Helicobacter pylori 2018
HpGP-USA-306	100.00	1	1	S1	907240	                    Helicobacter pylori Gambia94/24
HpGP-USA-311	100.00	1	1	S1	907240	                    Helicobacter pylori Gambia94/24
HpGP-USA-401	100.00	1	1	S1	102611	                    Helicobacter pylori J166
HpGP-USA-402	100.00	1	1	S1	102611	                    Helicobacter pylori J166
HpGP-USA-403	100.00	1	1	S1	907240	                    Helicobacter pylori Gambia94/24
HpGP-USA-404	100.00	1	1	S1	102611	                    Helicobacter pylori J166
HpGP-USA-405	100.00	1	1	S1	102611	                    Helicobacter pylori J166
HpGP-USA-406	100.00	1	1	S2	985080	                      Helicobacter pylori 2018
HpGP-USA-407	100.00	1	1	S1	102611	                    Helicobacter pylori J166
HpGP-USA-408	100.00	1	1	S1	907240	                    Helicobacter pylori Gambia94/24
HpGP-USA-409	100.00	1	1	S1	907240	                    Helicobacter pylori Gambia94/24
HpGP-USA-410	100.00	1	1	S1	102611	                    Helicobacter pylori J166
HpGP-USA-411	100.00	1	1	S1	907240	                    Helicobacter pylori Gambia94/24
HpGP-USA-412	100.00	1	1	S2	985080	                      Helicobacter pylori 2018
HpGP-USA-413	100.00	1	1	S1	907240	                    Helicobacter pylori Gambia94/24
HpGP-USA-414	100.00	1	1	S1	1055527	                    Helicobacter pylori ELS37
HpGP-USA-415	100.00	1	1	S1	907240	                    Helicobacter pylori Gambia94/24
HpGP-USA-416	100.00	1	1	S1	907240	                    Helicobacter pylori Gambia94/24
HpGP-USA-417	100.00	1	1	S1	907240	                    Helicobacter pylori Gambia94/24
HpGP-USA-418	100.00	1	1	S1	907240	                    Helicobacter pylori Gambia94/24
HpGP-USA-419	100.00	1	1	S2	985080	                      Helicobacter pylori 2018
HpGP-USA-420	100.00	1	1	S2	985080	                      Helicobacter pylori 2018
HpGP-USA-421	100.00	1	1	S1	907240	                    Helicobacter pylori Gambia94/24
HpGP-USA-422	100.00	1	1	S1	1055530	                    Helicobacter pylori SNT49
HpGP-USA-423	100.00	1	1	S1	102611	                    Helicobacter pylori J166
HpGP-USA-424	100.00	1	1	S1	907240	                    Helicobacter pylori Gambia94/24
HpGP-USA-425	100.00	1	1	S1	1321940	                    Helicobacter pylori UM066
HpGP-USA-427	100.00	1	1	S1	907240	                    Helicobacter pylori Gambia94/24
HpGP-USA-428	100.00	1	1	S1	907240	                    Helicobacter pylori Gambia94/24
HpGP-USA-429	100.00	1	1	S1	907240	                    Helicobacter pylori Gambia94/24
HpGP-USA-431	100.00	1	1	S1	102611	                    Helicobacter pylori J166
HpGP-USA-432	100.00	1	1	S2	985080	                      Helicobacter pylori 2018
HpGP-USA-433	100.00	1	1	S1	907240	                    Helicobacter pylori Gambia94/24
HpGP-USA-434	100.00	1	1	S2	985080	                      Helicobacter pylori 2018
HpGP-USA-435	100.00	1	1	S1	907240	                    Helicobacter pylori Gambia94/24
HpGP-USA-436	100.00	1	1	S1	102611	                    Helicobacter pylori J166
HpGP-USA-437	100.00	1	1	S1	907240	                    Helicobacter pylori Gambia94/24
HpGP-VNM-001	100.00	1	1	S1	1321940	                    Helicobacter pylori UM066
HpGP-VNM-002	100.00	1	1	S1	907238	                    Helicobacter pylori India7
HpGP-VNM-003	100.00	1	1	S1	1321940	                    Helicobacter pylori UM066
HpGP-VNM-004	100.00	1	1	S1	907239	                    Helicobacter pylori SouthAfrica7
HpGP-VNM-005	100.00	1	1	S1	907239	                    Helicobacter pylori SouthAfrica7
HpGP-VNM-006	100.00	1	1	S1	907239	                    Helicobacter pylori SouthAfrica7
HpGP-VNM-007	100.00	1	1	S1	1248726	                    Helicobacter pylori OK310
HpGP-VNM-008	100.00	1	1	S1	907239	                    Helicobacter pylori SouthAfrica7
HpGP-VNM-009	100.00	1	1	S1	1055530	                    Helicobacter pylori SNT49
HpGP-ZAF-001	100.00	1	1	S1	907239	                    Helicobacter pylori SouthAfrica7
HpGP-ZAF-002	100.00	1	1	S1	907239	                    Helicobacter pylori SouthAfrica7
HpGP-ZAF-004	100.00	1	1	S1	907239	                    Helicobacter pylori SouthAfrica7
HpGP-ZAF-006	100.00	1	1	S1	907239	                    Helicobacter pylori SouthAfrica7
HpGP-ZAF-007	100.00	1	1	S1	907239	                    Helicobacter pylori SouthAfrica7
HpGP-ZAF-008	100.00	1	1	S1	907239	                    Helicobacter pylori SouthAfrica7
HpGP-ZAF-009	100.00	1	1	S1	907239	                    Helicobacter pylori SouthAfrica7
HpGP-ZAF-010	100.00	1	1	S1	907239	                    Helicobacter pylori SouthAfrica7
HpGP-ZAF-011	100.00	1	1	S1	907239	                    Helicobacter pylori SouthAfrica7
