seqid,taxid,length,genus,species,strain
HpGP-26695-ATCC,907239,1667920,Helicobacter,Helicobacter pylori,Helicobacter pylori SouthAfrica7
HpGP-ALG-001,1426844,1631355,Helicobacter,Helicobacter pylori,Helicobacter pylori NY40
HpGP-ALG-002,907240,1636597,Helicobacter,Helicobacter pylori,Helicobacter pylori Gambia94/24
HpGP-ALG-003,1321939,1653596,Helicobacter,Helicobacter pylori,Helicobacter pylori UM037
HpGP-ALG-004,592205,1636089,Helicobacter,Helicobacter pylori,Helicobacter pylori B38
HpGP-ALG-005,907240,1563520,Helicobacter,Helicobacter pylori,Helicobacter pylori Gambia94/24
HpGP-ALG-006,907240,1617933,Helicobacter,Helicobacter pylori,Helicobacter pylori Gambia94/24
HpGP-ALG-007,592205,1612412,Helicobacter,Helicobacter pylori,Helicobacter pylori B38
HpGP-ALG-008,592205,1641827,Helicobacter,Helicobacter pylori,Helicobacter pylori B38
HpGP-ALG-009,1163743,1584247,Helicobacter,Helicobacter pylori,Helicobacter pylori HUP-B14
HpGP-ALG-010,1163743,1629562,Helicobacter,Helicobacter pylori,Helicobacter pylori HUP-B14
HpGP-ARG-001,1163743,1624657,Helicobacter,Helicobacter pylori,Helicobacter pylori HUP-B14
HpGP-ARG-002,1426844,1639097,Helicobacter,Helicobacter pylori,Helicobacter pylori NY40
HpGP-ARG-003,765962,1614729,Helicobacter,Helicobacter pylori,Helicobacter pylori SJM180
HpGP-ARG-004,1163743,1564050,Helicobacter,Helicobacter pylori,Helicobacter pylori HUP-B14
HpGP-ARG-005,907239,1621840,Helicobacter,Helicobacter pylori,Helicobacter pylori SouthAfrica7
HpGP-ARG-006,907239,1616607,Helicobacter,Helicobacter pylori,Helicobacter pylori SouthAfrica7
HpGP-ARG-007,1321939,1696855,Helicobacter,Helicobacter pylori,Helicobacter pylori UM037
HpGP-ARG-008,1055532,1610666,Helicobacter,Helicobacter pylori,Helicobacter pylori Aklavik86
HpGP-ARG-009,102608,1600015,Helicobacter,Helicobacter pylori,Helicobacter pylori F32
HpGP-ARG-010,102608,1612084,Helicobacter,Helicobacter pylori,Helicobacter pylori F32
HpGP-BGD-001,1055530,1612523,Helicobacter,Helicobacter pylori,Helicobacter pylori SNT49
HpGP-BGD-002,1055530,1620609,Helicobacter,Helicobacter pylori,Helicobacter pylori SNT49
HpGP-BGD-003,907238,1606958,Helicobacter,Helicobacter pylori,Helicobacter pylori India7
HpGP-BGD-004,1321939,1682188,Helicobacter,Helicobacter pylori,Helicobacter pylori UM037
HpGP-BGD-005,1321939,1737942,Helicobacter,Helicobacter pylori,Helicobacter pylori UM037
HpGP-BGD-006,907238,1565314,Helicobacter,Helicobacter pylori,Helicobacter pylori India7
HpGP-BGD-007,1321939,1664652,Helicobacter,Helicobacter pylori,Helicobacter pylori UM037
HpGP-BGD-008,1055530,1564065,Helicobacter,Helicobacter pylori,Helicobacter pylori SNT49
HpGP-BGD-009,1321939,1649213,Helicobacter,Helicobacter pylori,Helicobacter pylori UM037
HpGP-BGD-010,907238,1565774,Helicobacter,Helicobacter pylori,Helicobacter pylori India7
HpGP-BGR-001,1163743,1651693,Helicobacter,Helicobacter pylori,Helicobacter pylori HUP-B14
HpGP-BGR-003,907237,1686987,Helicobacter,Helicobacter pylori,Helicobacter pylori Lithuania75
HpGP-BGR-004,592205,1635625,Helicobacter,Helicobacter pylori,Helicobacter pylori B38
HpGP-BGR-005,907237,1722628,Helicobacter,Helicobacter pylori,Helicobacter pylori Lithuania75
HpGP-BGR-006,907237,1643011,Helicobacter,Helicobacter pylori,Helicobacter pylori Lithuania75
HpGP-BGR-007,907237,1683336,Helicobacter,Helicobacter pylori,Helicobacter pylori Lithuania75
HpGP-BGR-008,907237,1629022,Helicobacter,Helicobacter pylori,Helicobacter pylori Lithuania75
HpGP-BGR-010,907237,1604243,Helicobacter,Helicobacter pylori,Helicobacter pylori Lithuania75
HpGP-BRA-001,985080,1650493,Helicobacter,Helicobacter pylori,Helicobacter pylori 2018
HpGP-BRA-002,1163742,1649978,Helicobacter,Helicobacter pylori,Helicobacter pylori PeCan18
HpGP-BRA-003,592205,1620699,Helicobacter,Helicobacter pylori,Helicobacter pylori B38
HpGP-BRA-004,1163743,1609347,Helicobacter,Helicobacter pylori,Helicobacter pylori HUP-B14
HpGP-BRA-005,985080,1659707,Helicobacter,Helicobacter pylori,Helicobacter pylori 2018
HpGP-BRA-006,1426844,1674090,Helicobacter,Helicobacter pylori,Helicobacter pylori NY40
HpGP-BRA-007,907239,1641034,Helicobacter,Helicobacter pylori,Helicobacter pylori SouthAfrica7
HpGP-BRA-008,1426844,1640553,Helicobacter,Helicobacter pylori,Helicobacter pylori NY40
HpGP-BRA-009,592205,1570607,Helicobacter,Helicobacter pylori,Helicobacter pylori B38
HpGP-BRA-010,907240,1676807,Helicobacter,Helicobacter pylori,Helicobacter pylori Gambia94/24
HpGP-BRA-012,1248725,1568559,Helicobacter,Helicobacter pylori,Helicobacter pylori OK113
HpGP-BRA-013,985080,1686871,Helicobacter,Helicobacter pylori,Helicobacter pylori 2018
HpGP-BRA-014,985080,1691857,Helicobacter,Helicobacter pylori,Helicobacter pylori 2018
HpGP-BRA-015,907237,1640823,Helicobacter,Helicobacter pylori,Helicobacter pylori Lithuania75
HpGP-BRA-017,765962,1611056,Helicobacter,Helicobacter pylori,Helicobacter pylori SJM180
HpGP-BRA-018,985080,1660087,Helicobacter,Helicobacter pylori,Helicobacter pylori 2018
HpGP-BRA-019,907240,1663543,Helicobacter,Helicobacter pylori,Helicobacter pylori Gambia94/24
HpGP-BRA-020,907239,1622043,Helicobacter,Helicobacter pylori,Helicobacter pylori SouthAfrica7
HpGP-BRA-022,907239,1633843,Helicobacter,Helicobacter pylori,Helicobacter pylori SouthAfrica7
HpGP-BRA-023,907240,1636227,Helicobacter,Helicobacter pylori,Helicobacter pylori Gambia94/24
HpGP-BRA-025,907240,1658306,Helicobacter,Helicobacter pylori,Helicobacter pylori Gambia94/24
HpGP-CAN-001,1055531,1625325,Helicobacter,Helicobacter pylori,Helicobacter pylori Aklavik117
HpGP-CAN-002,1055532,1681404,Helicobacter,Helicobacter pylori,Helicobacter pylori Aklavik86
HpGP-CAN-004,1055532,1648710,Helicobacter,Helicobacter pylori,Helicobacter pylori Aklavik86
HpGP-CAN-006,1055532,1526349,Helicobacter,Helicobacter pylori,Helicobacter pylori Aklavik86
HpGP-CAN-007,1055532,1550050,Helicobacter,Helicobacter pylori,Helicobacter pylori Aklavik86
HpGP-CAN-008,1055532,1676873,Helicobacter,Helicobacter pylori,Helicobacter pylori Aklavik86
HpGP-CAN-010,1055532,1500054,Helicobacter,Helicobacter pylori,Helicobacter pylori Aklavik86
HpGP-CAN-011,1055532,1523599,Helicobacter,Helicobacter pylori,Helicobacter pylori Aklavik86
HpGP-CAN-012,907240,1712659,Helicobacter,Helicobacter pylori,Helicobacter pylori Gambia94/24
HpGP-CAN-014,1055532,1678426,Helicobacter,Helicobacter pylori,Helicobacter pylori Aklavik86
HpGP-CAN-015,1055532,1498341,Helicobacter,Helicobacter pylori,Helicobacter pylori Aklavik86
HpGP-CAN-016,1055532,1534483,Helicobacter,Helicobacter pylori,Helicobacter pylori Aklavik86
HpGP-CAN-017,1055531,1685229,Helicobacter,Helicobacter pylori,Helicobacter pylori Aklavik117
HpGP-CAN-018,1055532,1483503,Helicobacter,Helicobacter pylori,Helicobacter pylori Aklavik86
HpGP-CAN-019,1055532,1532685,Helicobacter,Helicobacter pylori,Helicobacter pylori Aklavik86
HpGP-CAN-020,1055532,1546036,Helicobacter,Helicobacter pylori,Helicobacter pylori Aklavik86
HpGP-CAN-022,1055532,1646971,Helicobacter,Helicobacter pylori,Helicobacter pylori Aklavik86
HpGP-CAN-023,1055532,1550091,Helicobacter,Helicobacter pylori,Helicobacter pylori Aklavik86
HpGP-CAN-025,1055532,1642263,Helicobacter,Helicobacter pylori,Helicobacter pylori Aklavik86
HpGP-CAN-026,1055532,1634610,Helicobacter,Helicobacter pylori,Helicobacter pylori Aklavik86
HpGP-CHI-001,765962,1641691,Helicobacter,Helicobacter pylori,Helicobacter pylori SJM180
HpGP-CHI-002,1163743,1619936,Helicobacter,Helicobacter pylori,Helicobacter pylori HUP-B14
HpGP-CHI-004,765962,1648441,Helicobacter,Helicobacter pylori,Helicobacter pylori SJM180
HpGP-CHI-005,1426844,1663842,Helicobacter,Helicobacter pylori,Helicobacter pylori NY40
HpGP-CHI-006,1055532,1639194,Helicobacter,Helicobacter pylori,Helicobacter pylori Aklavik86
HpGP-CHI-007,907240,1605929,Helicobacter,Helicobacter pylori,Helicobacter pylori Gambia94/24
HpGP-CHI-008,1055532,1609626,Helicobacter,Helicobacter pylori,Helicobacter pylori Aklavik86
HpGP-CHI-010,1055532,1639546,Helicobacter,Helicobacter pylori,Helicobacter pylori Aklavik86
HpGP-CHI-011,1426844,1710266,Helicobacter,Helicobacter pylori,Helicobacter pylori NY40
HpGP-CHI-014,1163743,1663539,Helicobacter,Helicobacter pylori,Helicobacter pylori HUP-B14
HpGP-CHI-016,765962,1592973,Helicobacter,Helicobacter pylori,Helicobacter pylori SJM180
HpGP-CHI-017,1163743,1646264,Helicobacter,Helicobacter pylori,Helicobacter pylori HUP-B14
HpGP-CHI-018,1426844,1672193,Helicobacter,Helicobacter pylori,Helicobacter pylori NY40
HpGP-CHI-021,1426844,1703098,Helicobacter,Helicobacter pylori,Helicobacter pylori NY40
HpGP-CHI-022,1055532,1666738,Helicobacter,Helicobacter pylori,Helicobacter pylori Aklavik86
HpGP-CHI-023,907240,1694593,Helicobacter,Helicobacter pylori,Helicobacter pylori Gambia94/24
HpGP-CHI-024,1426844,1642516,Helicobacter,Helicobacter pylori,Helicobacter pylori NY40
HpGP-CHI-026,1055527,1680335,Helicobacter,Helicobacter pylori,Helicobacter pylori ELS37
HpGP-CHI-027,1055532,1634332,Helicobacter,Helicobacter pylori,Helicobacter pylori Aklavik86
HpGP-CHI-028,765962,1714808,Helicobacter,Helicobacter pylori,Helicobacter pylori SJM180
HpGP-CHI-101,1163743,1663635,Helicobacter,Helicobacter pylori,Helicobacter pylori HUP-B14
HpGP-CHI-102,1163743,1626475,Helicobacter,Helicobacter pylori,Helicobacter pylori HUP-B14
HpGP-CHI-103,765962,1675387,Helicobacter,Helicobacter pylori,Helicobacter pylori SJM180
HpGP-CHI-104,1055529,1627884,Helicobacter,Helicobacter pylori,Helicobacter pylori Puno135
HpGP-CHI-105,1055532,1514191,Helicobacter,Helicobacter pylori,Helicobacter pylori Aklavik86
HpGP-CHI-106,1426844,1609314,Helicobacter,Helicobacter pylori,Helicobacter pylori NY40
HpGP-CHI-107,765962,1679381,Helicobacter,Helicobacter pylori,Helicobacter pylori SJM180
HpGP-CHI-110,765962,1626782,Helicobacter,Helicobacter pylori,Helicobacter pylori SJM180
HpGP-CHI-113,1163743,1612588,Helicobacter,Helicobacter pylori,Helicobacter pylori HUP-B14
HpGP-CHI-114,1163743,1680447,Helicobacter,Helicobacter pylori,Helicobacter pylori HUP-B14
HpGP-CHI-116,1055532,1488262,Helicobacter,Helicobacter pylori,Helicobacter pylori Aklavik86
HpGP-CHI-117,765962,1675640,Helicobacter,Helicobacter pylori,Helicobacter pylori SJM180
HpGP-CHI-119,1055532,1687539,Helicobacter,Helicobacter pylori,Helicobacter pylori Aklavik86
HpGP-CHI-120,907240,1642560,Helicobacter,Helicobacter pylori,Helicobacter pylori Gambia94/24
HpGP-CHI-122,1426844,1723149,Helicobacter,Helicobacter pylori,Helicobacter pylori NY40
HpGP-CHI-123,765962,1658612,Helicobacter,Helicobacter pylori,Helicobacter pylori SJM180
HpGP-CHI-124,1055532,1678636,Helicobacter,Helicobacter pylori,Helicobacter pylori Aklavik86
HpGP-CHI-125,1426844,1701069,Helicobacter,Helicobacter pylori,Helicobacter pylori NY40
HpGP-CHI-126,1163743,1665175,Helicobacter,Helicobacter pylori,Helicobacter pylori HUP-B14
HpGP-CHI-127,1055532,1709795,Helicobacter,Helicobacter pylori,Helicobacter pylori Aklavik86
HpGP-CHI-204,765962,1717428,Helicobacter,Helicobacter pylori,Helicobacter pylori SJM180
HpGP-CHI-207,765962,1647762,Helicobacter,Helicobacter pylori,Helicobacter pylori SJM180
HpGP-CHI-208,1055529,1627837,Helicobacter,Helicobacter pylori,Helicobacter pylori Puno135
HpGP-CHI-209,1055527,1680211,Helicobacter,Helicobacter pylori,Helicobacter pylori ELS37
HpGP-CHI-210,765962,1663484,Helicobacter,Helicobacter pylori,Helicobacter pylori SJM180
HpGP-CHI-212,765962,1714691,Helicobacter,Helicobacter pylori,Helicobacter pylori SJM180
HpGP-CHN-001,907238,1597930,Helicobacter,Helicobacter pylori,Helicobacter pylori India7
HpGP-CHN-002,1055532,1583850,Helicobacter,Helicobacter pylori,Helicobacter pylori Aklavik86
HpGP-CHN-003,907239,1622740,Helicobacter,Helicobacter pylori,Helicobacter pylori SouthAfrica7
HpGP-CHN-004,907238,1584715,Helicobacter,Helicobacter pylori,Helicobacter pylori India7
HpGP-CHN-005,907239,1637091,Helicobacter,Helicobacter pylori,Helicobacter pylori SouthAfrica7
HpGP-CHN-006,907239,1574747,Helicobacter,Helicobacter pylori,Helicobacter pylori SouthAfrica7
HpGP-CHN-007,907239,1587630,Helicobacter,Helicobacter pylori,Helicobacter pylori SouthAfrica7
HpGP-CHN-008,1321939,1640011,Helicobacter,Helicobacter pylori,Helicobacter pylori UM037
HpGP-CHN-009,1248726,1577879,Helicobacter,Helicobacter pylori,Helicobacter pylori OK310
HpGP-CHN-010,907239,1650269,Helicobacter,Helicobacter pylori,Helicobacter pylori SouthAfrica7
HpGP-COG-001,907239,1630386,Helicobacter,Helicobacter pylori,Helicobacter pylori SouthAfrica7
HpGP-COG-002,1055527,1704117,Helicobacter,Helicobacter pylori,Helicobacter pylori ELS37
HpGP-COG-003,907239,1651203,Helicobacter,Helicobacter pylori,Helicobacter pylori SouthAfrica7
HpGP-COG-004,985081,1615896,Helicobacter,Helicobacter pylori,Helicobacter pylori 2017
HpGP-COG-005,985080,1615998,Helicobacter,Helicobacter pylori,Helicobacter pylori 2018
HpGP-COG-006,907239,1669593,Helicobacter,Helicobacter pylori,Helicobacter pylori SouthAfrica7
HpGP-COG-007,907239,1675311,Helicobacter,Helicobacter pylori,Helicobacter pylori SouthAfrica7
HpGP-COG-008,907239,1619424,Helicobacter,Helicobacter pylori,Helicobacter pylori SouthAfrica7
HpGP-COG-009,907239,1615918,Helicobacter,Helicobacter pylori,Helicobacter pylori SouthAfrica7
HpGP-COG-010,907239,1641630,Helicobacter,Helicobacter pylori,Helicobacter pylori SouthAfrica7
HpGP-COG-011,985080,1615559,Helicobacter,Helicobacter pylori,Helicobacter pylori 2018
HpGP-COL-002,907237,1606112,Helicobacter,Helicobacter pylori,Helicobacter pylori Lithuania75
HpGP-COL-003,907240,1695443,Helicobacter,Helicobacter pylori,Helicobacter pylori Gambia94/24
HpGP-COL-004,765962,1640744,Helicobacter,Helicobacter pylori,Helicobacter pylori SJM180
HpGP-COL-005,765963,1662179,Helicobacter,Helicobacter pylori,Helicobacter pylori PeCan4
HpGP-COL-006,907240,1664661,Helicobacter,Helicobacter pylori,Helicobacter pylori Gambia94/24
HpGP-COL-008,765962,1665362,Helicobacter,Helicobacter pylori,Helicobacter pylori SJM180
HpGP-COL-010,592205,1648675,Helicobacter,Helicobacter pylori,Helicobacter pylori B38
HpGP-COL-102,907240,1687924,Helicobacter,Helicobacter pylori,Helicobacter pylori Gambia94/24
HpGP-COL-103,985080,1638876,Helicobacter,Helicobacter pylori,Helicobacter pylori 2018
HpGP-COL-104,765962,1647692,Helicobacter,Helicobacter pylori,Helicobacter pylori SJM180
HpGP-COL-105,907240,1594792,Helicobacter,Helicobacter pylori,Helicobacter pylori Gambia94/24
HpGP-COL-106,1163743,1600153,Helicobacter,Helicobacter pylori,Helicobacter pylori HUP-B14
HpGP-COL-107,1426844,1664051,Helicobacter,Helicobacter pylori,Helicobacter pylori NY40
HpGP-COL-108,907240,1664507,Helicobacter,Helicobacter pylori,Helicobacter pylori Gambia94/24
HpGP-COL-109,907240,1711935,Helicobacter,Helicobacter pylori,Helicobacter pylori Gambia94/24
HpGP-COL-110,1426844,1676877,Helicobacter,Helicobacter pylori,Helicobacter pylori NY40
HpGP-COL-112,1426844,1676845,Helicobacter,Helicobacter pylori,Helicobacter pylori NY40
HpGP-COL-113,765962,1661030,Helicobacter,Helicobacter pylori,Helicobacter pylori SJM180
HpGP-COL-114,1426844,1663589,Helicobacter,Helicobacter pylori,Helicobacter pylori NY40
HpGP-COL-118,985080,1697405,Helicobacter,Helicobacter pylori,Helicobacter pylori 2018
HpGP-COL-119,765962,1638083,Helicobacter,Helicobacter pylori,Helicobacter pylori SJM180
HpGP-COL-120,907240,1676968,Helicobacter,Helicobacter pylori,Helicobacter pylori Gambia94/24
HpGP-COL-121,765962,1666603,Helicobacter,Helicobacter pylori,Helicobacter pylori SJM180
HpGP-COL-122,907240,1672930,Helicobacter,Helicobacter pylori,Helicobacter pylori Gambia94/24
HpGP-COL-201,1163743,1591061,Helicobacter,Helicobacter pylori,Helicobacter pylori HUP-B14
HpGP-COL-202,1163743,1592936,Helicobacter,Helicobacter pylori,Helicobacter pylori HUP-B14
HpGP-COL-203,907239,1625215,Helicobacter,Helicobacter pylori,Helicobacter pylori SouthAfrica7
HpGP-COL-204,907240,1648930,Helicobacter,Helicobacter pylori,Helicobacter pylori Gambia94/24
HpGP-COL-205,985080,1660637,Helicobacter,Helicobacter pylori,Helicobacter pylori 2018
HpGP-COL-206,1163742,1634751,Helicobacter,Helicobacter pylori,Helicobacter pylori PeCan18
HpGP-COL-207,985080,1663597,Helicobacter,Helicobacter pylori,Helicobacter pylori 2018
HpGP-COL-208,985080,1668664,Helicobacter,Helicobacter pylori,Helicobacter pylori 2018
HpGP-COL-209,907239,1596433,Helicobacter,Helicobacter pylori,Helicobacter pylori SouthAfrica7
HpGP-COL-210,1426844,1640247,Helicobacter,Helicobacter pylori,Helicobacter pylori NY40
HpGP-COL-211,765962,1679305,Helicobacter,Helicobacter pylori,Helicobacter pylori SJM180
HpGP-COL-301,1055527,1653492,Helicobacter,Helicobacter pylori,Helicobacter pylori ELS37
HpGP-COL-302,1055527,1699172,Helicobacter,Helicobacter pylori,Helicobacter pylori ELS37
HpGP-COL-303,765962,1595142,Helicobacter,Helicobacter pylori,Helicobacter pylori SJM180
HpGP-COL-305,907239,1605130,Helicobacter,Helicobacter pylori,Helicobacter pylori SouthAfrica7
HpGP-COL-306,907240,1669212,Helicobacter,Helicobacter pylori,Helicobacter pylori Gambia94/24
HpGP-COL-307,1426844,1637697,Helicobacter,Helicobacter pylori,Helicobacter pylori NY40
HpGP-COL-308,1163743,1677156,Helicobacter,Helicobacter pylori,Helicobacter pylori HUP-B14
HpGP-COL-309,1163743,1676111,Helicobacter,Helicobacter pylori,Helicobacter pylori HUP-B14
HpGP-COL-310,907239,1602856,Helicobacter,Helicobacter pylori,Helicobacter pylori SouthAfrica7
HpGP-COL-318,1426844,1623515,Helicobacter,Helicobacter pylori,Helicobacter pylori NY40
HpGP-CRI-001,1055527,1659188,Helicobacter,Helicobacter pylori,Helicobacter pylori ELS37
HpGP-CRI-002,765962,1701407,Helicobacter,Helicobacter pylori,Helicobacter pylori SJM180
HpGP-CRI-003,1055527,1660715,Helicobacter,Helicobacter pylori,Helicobacter pylori ELS37
HpGP-CRI-004,985080,1648254,Helicobacter,Helicobacter pylori,Helicobacter pylori 2018
HpGP-CRI-005,765962,1736392,Helicobacter,Helicobacter pylori,Helicobacter pylori SJM180
HpGP-CRI-006,1426844,1676547,Helicobacter,Helicobacter pylori,Helicobacter pylori NY40
HpGP-CRI-007,985080,1653472,Helicobacter,Helicobacter pylori,Helicobacter pylori 2018
HpGP-CRI-008,1055527,1708770,Helicobacter,Helicobacter pylori,Helicobacter pylori ELS37
HpGP-DOM-001,1426844,1623434,Helicobacter,Helicobacter pylori,Helicobacter pylori NY40
HpGP-DOM-002,907240,1666468,Helicobacter,Helicobacter pylori,Helicobacter pylori Gambia94/24
HpGP-DOM-003,1426844,1665230,Helicobacter,Helicobacter pylori,Helicobacter pylori NY40
HpGP-DOM-004,985080,1630599,Helicobacter,Helicobacter pylori,Helicobacter pylori 2018
HpGP-DOM-005,1426844,1719409,Helicobacter,Helicobacter pylori,Helicobacter pylori NY40
HpGP-DOM-006,985080,1633435,Helicobacter,Helicobacter pylori,Helicobacter pylori 2018
HpGP-DOM-007,985080,1641790,Helicobacter,Helicobacter pylori,Helicobacter pylori 2018
HpGP-DOM-008,907240,1596574,Helicobacter,Helicobacter pylori,Helicobacter pylori Gambia94/24
HpGP-DOM-009,1426844,1590648,Helicobacter,Helicobacter pylori,Helicobacter pylori NY40
HpGP-DOM-010,907240,1648636,Helicobacter,Helicobacter pylori,Helicobacter pylori Gambia94/24
HpGP-DOM-011,985080,1632101,Helicobacter,Helicobacter pylori,Helicobacter pylori 2018
HpGP-FRA-001,1426844,1744811,Helicobacter,Helicobacter pylori,Helicobacter pylori NY40
HpGP-FRA-002,357544,1650725,Helicobacter,Helicobacter pylori,Helicobacter pylori HPAG1
HpGP-FRA-003,592205,1601763,Helicobacter,Helicobacter pylori,Helicobacter pylori B38
HpGP-FRA-004,1163743,1605735,Helicobacter,Helicobacter pylori,Helicobacter pylori HUP-B14
HpGP-FRA-005,1163743,1613824,Helicobacter,Helicobacter pylori,Helicobacter pylori HUP-B14
HpGP-FRA-006,592205,1575650,Helicobacter,Helicobacter pylori,Helicobacter pylori B38
HpGP-FRA-007,907237,1722160,Helicobacter,Helicobacter pylori,Helicobacter pylori Lithuania75
HpGP-FRA-008,592205,1576068,Helicobacter,Helicobacter pylori,Helicobacter pylori B38
HpGP-FRA-009,907240,1624113,Helicobacter,Helicobacter pylori,Helicobacter pylori Gambia94/24
HpGP-FRA-010,1163743,1574338,Helicobacter,Helicobacter pylori,Helicobacter pylori HUP-B14
HpGP-FRA-011,907237,1633195,Helicobacter,Helicobacter pylori,Helicobacter pylori Lithuania75
HpGP-FRA-012,357544,1642672,Helicobacter,Helicobacter pylori,Helicobacter pylori HPAG1
HpGP-FRA-013,592205,1610323,Helicobacter,Helicobacter pylori,Helicobacter pylori B38
HpGP-FRA-014,357544,1655118,Helicobacter,Helicobacter pylori,Helicobacter pylori HPAG1
HpGP-FRA-015,592205,1673169,Helicobacter,Helicobacter pylori,Helicobacter pylori B38
HpGP-FRA-016,1426844,1635235,Helicobacter,Helicobacter pylori,Helicobacter pylori NY40
HpGP-FRA-017,1426844,1650093,Helicobacter,Helicobacter pylori,Helicobacter pylori NY40
HpGP-FRA-018,907239,1658715,Helicobacter,Helicobacter pylori,Helicobacter pylori SouthAfrica7
HpGP-FRA-019,592205,1644820,Helicobacter,Helicobacter pylori,Helicobacter pylori B38
HpGP-FRA-020,1055527,1624748,Helicobacter,Helicobacter pylori,Helicobacter pylori ELS37
HpGP-FRA-021,907237,1611565,Helicobacter,Helicobacter pylori,Helicobacter pylori Lithuania75
HpGP-GER-001,1426844,1684934,Helicobacter,Helicobacter pylori,Helicobacter pylori NY40
HpGP-GER-002,907237,1634897,Helicobacter,Helicobacter pylori,Helicobacter pylori Lithuania75
HpGP-GER-003,907237,1606468,Helicobacter,Helicobacter pylori,Helicobacter pylori Lithuania75
HpGP-GER-004,592205,1634559,Helicobacter,Helicobacter pylori,Helicobacter pylori B38
HpGP-GER-005,907237,1615104,Helicobacter,Helicobacter pylori,Helicobacter pylori Lithuania75
HpGP-GER-006,907237,1543005,Helicobacter,Helicobacter pylori,Helicobacter pylori Lithuania75
HpGP-GER-007,357544,1601967,Helicobacter,Helicobacter pylori,Helicobacter pylori HPAG1
HpGP-GER-009,1163743,1624897,Helicobacter,Helicobacter pylori,Helicobacter pylori HUP-B14
HpGP-GER-010,357544,1621357,Helicobacter,Helicobacter pylori,Helicobacter pylori HPAG1
HpGP-GER-012,1321939,1689774,Helicobacter,Helicobacter pylori,Helicobacter pylori UM037
HpGP-GER-013,357544,1613794,Helicobacter,Helicobacter pylori,Helicobacter pylori HPAG1
HpGP-GER-015,907238,1699243,Helicobacter,Helicobacter pylori,Helicobacter pylori India7
HpGP-GER-016,907237,1676460,Helicobacter,Helicobacter pylori,Helicobacter pylori Lithuania75
HpGP-GER-018,592205,1611610,Helicobacter,Helicobacter pylori,Helicobacter pylori B38
HpGP-GER-019,592205,1600009,Helicobacter,Helicobacter pylori,Helicobacter pylori B38
HpGP-GER-020,907237,1626243,Helicobacter,Helicobacter pylori,Helicobacter pylori Lithuania75
HpGP-GER-021,592205,1641301,Helicobacter,Helicobacter pylori,Helicobacter pylori B38
HpGP-GHA-003,985080,1568286,Helicobacter,Helicobacter pylori,Helicobacter pylori 2018
HpGP-GHA-009,985080,1664307,Helicobacter,Helicobacter pylori,Helicobacter pylori 2018
HpGP-GMB-003,907240,1620274,Helicobacter,Helicobacter pylori,Helicobacter pylori Gambia94/24
HpGP-GMB-004,907240,1637745,Helicobacter,Helicobacter pylori,Helicobacter pylori Gambia94/24
HpGP-GMB-007,907240,1681498,Helicobacter,Helicobacter pylori,Helicobacter pylori Gambia94/24
HpGP-GMB-008,907240,1686815,Helicobacter,Helicobacter pylori,Helicobacter pylori Gambia94/24
HpGP-GMB-009,907240,1606286,Helicobacter,Helicobacter pylori,Helicobacter pylori Gambia94/24
HpGP-GRE-001,592205,1655996,Helicobacter,Helicobacter pylori,Helicobacter pylori B38
HpGP-GRE-002,357544,1647274,Helicobacter,Helicobacter pylori,Helicobacter pylori HPAG1
HpGP-GRE-003,592205,1628560,Helicobacter,Helicobacter pylori,Helicobacter pylori B38
HpGP-GRE-004,592205,1589805,Helicobacter,Helicobacter pylori,Helicobacter pylori B38
HpGP-GRE-005,592205,1652452,Helicobacter,Helicobacter pylori,Helicobacter pylori B38
HpGP-GRE-006,1321939,1631832,Helicobacter,Helicobacter pylori,Helicobacter pylori UM037
HpGP-GRE-008,907237,1672291,Helicobacter,Helicobacter pylori,Helicobacter pylori Lithuania75
HpGP-GRE-011,907237,1683019,Helicobacter,Helicobacter pylori,Helicobacter pylori Lithuania75
HpGP-GRE-012,1163743,1588490,Helicobacter,Helicobacter pylori,Helicobacter pylori HUP-B14
HpGP-GRE-018,907237,1699843,Helicobacter,Helicobacter pylori,Helicobacter pylori Lithuania75
HpGP-GRE-019,907237,1673893,Helicobacter,Helicobacter pylori,Helicobacter pylori Lithuania75
HpGP-GRE-020,592205,1592179,Helicobacter,Helicobacter pylori,Helicobacter pylori B38
HpGP-GRE-022,907237,1687215,Helicobacter,Helicobacter pylori,Helicobacter pylori Lithuania75
HpGP-GRE-036,907239,1592255,Helicobacter,Helicobacter pylori,Helicobacter pylori SouthAfrica7
HpGP-GRE-039,592205,1581556,Helicobacter,Helicobacter pylori,Helicobacter pylori B38
HpGP-GRE-040,907237,1633723,Helicobacter,Helicobacter pylori,Helicobacter pylori Lithuania75
HpGP-GRE-041,592205,1626901,Helicobacter,Helicobacter pylori,Helicobacter pylori B38
HpGP-GRE-042,592205,1632306,Helicobacter,Helicobacter pylori,Helicobacter pylori B38
HpGP-GRE-043,907237,1645187,Helicobacter,Helicobacter pylori,Helicobacter pylori Lithuania75
HpGP-GRE-044,1321939,1688552,Helicobacter,Helicobacter pylori,Helicobacter pylori UM037
HpGP-GRE-046,592205,1626936,Helicobacter,Helicobacter pylori,Helicobacter pylori B38
HpGP-GTM-004,907240,1717839,Helicobacter,Helicobacter pylori,Helicobacter pylori Gambia94/24
HpGP-GTM-007,907237,1616709,Helicobacter,Helicobacter pylori,Helicobacter pylori Lithuania75
HpGP-GTM-010,907240,1657923,Helicobacter,Helicobacter pylori,Helicobacter pylori Gambia94/24
HpGP-HON-001,1426844,1633579,Helicobacter,Helicobacter pylori,Helicobacter pylori NY40
HpGP-HON-002,1426844,1625340,Helicobacter,Helicobacter pylori,Helicobacter pylori NY40
HpGP-HON-003,1055527,1685063,Helicobacter,Helicobacter pylori,Helicobacter pylori ELS37
HpGP-HON-004,1055527,1630226,Helicobacter,Helicobacter pylori,Helicobacter pylori ELS37
HpGP-HON-005,1055527,1668680,Helicobacter,Helicobacter pylori,Helicobacter pylori ELS37
HpGP-HON-006,1055527,1661292,Helicobacter,Helicobacter pylori,Helicobacter pylori ELS37
HpGP-HON-007,1055527,1685659,Helicobacter,Helicobacter pylori,Helicobacter pylori ELS37
HpGP-HON-009,1055527,1626855,Helicobacter,Helicobacter pylori,Helicobacter pylori ELS37
HpGP-HON-010,1055527,1665705,Helicobacter,Helicobacter pylori,Helicobacter pylori ELS37
HpGP-HON-011,1055527,1610847,Helicobacter,Helicobacter pylori,Helicobacter pylori ELS37
HpGP-HON-012,1055527,1607767,Helicobacter,Helicobacter pylori,Helicobacter pylori ELS37
HpGP-HON-013,907240,1652401,Helicobacter,Helicobacter pylori,Helicobacter pylori Gambia94/24
HpGP-HON-014,907240,1696080,Helicobacter,Helicobacter pylori,Helicobacter pylori Gambia94/24
HpGP-HON-015,1426844,1612896,Helicobacter,Helicobacter pylori,Helicobacter pylori NY40
HpGP-HON-016,1055527,1628975,Helicobacter,Helicobacter pylori,Helicobacter pylori ELS37
HpGP-HON-017,1055527,1640975,Helicobacter,Helicobacter pylori,Helicobacter pylori ELS37
HpGP-HON-018,1055527,1644126,Helicobacter,Helicobacter pylori,Helicobacter pylori ELS37
HpGP-HON-019,907239,1652372,Helicobacter,Helicobacter pylori,Helicobacter pylori SouthAfrica7
HpGP-HON-020,1055527,1632447,Helicobacter,Helicobacter pylori,Helicobacter pylori ELS37
HpGP-HON-021,1055527,1687777,Helicobacter,Helicobacter pylori,Helicobacter pylori ELS37
HpGP-HON-023,1055527,1616582,Helicobacter,Helicobacter pylori,Helicobacter pylori ELS37
HpGP-HON-024,1055527,1586336,Helicobacter,Helicobacter pylori,Helicobacter pylori ELS37
HpGP-HON-025,1055527,1678645,Helicobacter,Helicobacter pylori,Helicobacter pylori ELS37
HpGP-HON-026,1055527,1621856,Helicobacter,Helicobacter pylori,Helicobacter pylori ELS37
HpGP-HON-027,1055527,1595943,Helicobacter,Helicobacter pylori,Helicobacter pylori ELS37
HpGP-HON-028,1055527,1727168,Helicobacter,Helicobacter pylori,Helicobacter pylori ELS37
HpGP-IDN-001,907238,1690436,Helicobacter,Helicobacter pylori,Helicobacter pylori India7
HpGP-IDN-002,1321940,1543558,Helicobacter,Helicobacter pylori,Helicobacter pylori UM066
HpGP-IDN-003,1321939,1595235,Helicobacter,Helicobacter pylori,Helicobacter pylori UM037
HpGP-IDN-004,357544,1595772,Helicobacter,Helicobacter pylori,Helicobacter pylori HPAG1
HpGP-IDN-005,1321940,1609427,Helicobacter,Helicobacter pylori,Helicobacter pylori UM066
HpGP-IDN-006,1426844,1585238,Helicobacter,Helicobacter pylori,Helicobacter pylori NY40
HpGP-IDN-007,907239,1572735,Helicobacter,Helicobacter pylori,Helicobacter pylori SouthAfrica7
HpGP-IDN-008,907239,1566738,Helicobacter,Helicobacter pylori,Helicobacter pylori SouthAfrica7
HpGP-IDN-009,765962,1639347,Helicobacter,Helicobacter pylori,Helicobacter pylori SJM180
HpGP-IDN-010,907238,1632885,Helicobacter,Helicobacter pylori,Helicobacter pylori India7
HpGP-IDN-011,1055532,1555685,Helicobacter,Helicobacter pylori,Helicobacter pylori Aklavik86
HpGP-IND-001,1055530,1615201,Helicobacter,Helicobacter pylori,Helicobacter pylori SNT49
HpGP-IND-002,1321939,1651221,Helicobacter,Helicobacter pylori,Helicobacter pylori UM037
HpGP-IND-003,1321939,1682350,Helicobacter,Helicobacter pylori,Helicobacter pylori UM037
HpGP-IND-004,1055530,1620444,Helicobacter,Helicobacter pylori,Helicobacter pylori SNT49
HpGP-IND-005,1321939,1594733,Helicobacter,Helicobacter pylori,Helicobacter pylori UM037
HpGP-IND-006,1321939,1670468,Helicobacter,Helicobacter pylori,Helicobacter pylori UM037
HpGP-IND-007,1055530,1634213,Helicobacter,Helicobacter pylori,Helicobacter pylori SNT49
HpGP-IND-008,1055530,1629937,Helicobacter,Helicobacter pylori,Helicobacter pylori SNT49
HpGP-IND-009,1055530,1626935,Helicobacter,Helicobacter pylori,Helicobacter pylori SNT49
HpGP-IND-010,1055530,1604992,Helicobacter,Helicobacter pylori,Helicobacter pylori SNT49
HpGP-IRN-001,592205,1697603,Helicobacter,Helicobacter pylori,Helicobacter pylori B38
HpGP-IRN-002,592205,1565284,Helicobacter,Helicobacter pylori,Helicobacter pylori B38
HpGP-IRN-003,907238,1621731,Helicobacter,Helicobacter pylori,Helicobacter pylori India7
HpGP-IRN-009,592205,1609279,Helicobacter,Helicobacter pylori,Helicobacter pylori B38
HpGP-ISL-001,357544,1644915,Helicobacter,Helicobacter pylori,Helicobacter pylori HPAG1
HpGP-ISL-002,357544,1603320,Helicobacter,Helicobacter pylori,Helicobacter pylori HPAG1
HpGP-ISL-003,357544,1610420,Helicobacter,Helicobacter pylori,Helicobacter pylori HPAG1
HpGP-ISL-004,357544,1589350,Helicobacter,Helicobacter pylori,Helicobacter pylori HPAG1
HpGP-ISL-005,357544,1622439,Helicobacter,Helicobacter pylori,Helicobacter pylori HPAG1
HpGP-ISL-006,357544,1676412,Helicobacter,Helicobacter pylori,Helicobacter pylori HPAG1
HpGP-ISL-007,357544,1582374,Helicobacter,Helicobacter pylori,Helicobacter pylori HPAG1
HpGP-ISL-008,357544,1577658,Helicobacter,Helicobacter pylori,Helicobacter pylori HPAG1
HpGP-ISL-009,357544,1568124,Helicobacter,Helicobacter pylori,Helicobacter pylori HPAG1
HpGP-ISL-010,357544,1561874,Helicobacter,Helicobacter pylori,Helicobacter pylori HPAG1
HpGP-ISL-011,357544,1617769,Helicobacter,Helicobacter pylori,Helicobacter pylori HPAG1
HpGP-ISR-001,592205,1643060,Helicobacter,Helicobacter pylori,Helicobacter pylori B38
HpGP-ISR-002,765962,1639305,Helicobacter,Helicobacter pylori,Helicobacter pylori SJM180
HpGP-ISR-003,765962,1681792,Helicobacter,Helicobacter pylori,Helicobacter pylori SJM180
HpGP-ISR-004,765962,1642907,Helicobacter,Helicobacter pylori,Helicobacter pylori SJM180
HpGP-ISR-005,907239,1630843,Helicobacter,Helicobacter pylori,Helicobacter pylori SouthAfrica7
HpGP-ISR-006,907237,1625394,Helicobacter,Helicobacter pylori,Helicobacter pylori Lithuania75
HpGP-ISR-007,1321939,1615684,Helicobacter,Helicobacter pylori,Helicobacter pylori UM037
HpGP-ISR-008,907240,1673645,Helicobacter,Helicobacter pylori,Helicobacter pylori Gambia94/24
HpGP-ISR-009,1426844,1609976,Helicobacter,Helicobacter pylori,Helicobacter pylori NY40
HpGP-ISR-010,592205,1625246,Helicobacter,Helicobacter pylori,Helicobacter pylori B38
HpGP-ITA-001,592205,1591443,Helicobacter,Helicobacter pylori,Helicobacter pylori B38
HpGP-ITA-002,592205,1622199,Helicobacter,Helicobacter pylori,Helicobacter pylori B38
HpGP-ITA-003,1426844,1614725,Helicobacter,Helicobacter pylori,Helicobacter pylori NY40
HpGP-ITA-004,592205,1633683,Helicobacter,Helicobacter pylori,Helicobacter pylori B38
HpGP-ITA-005,1321939,1616208,Helicobacter,Helicobacter pylori,Helicobacter pylori UM037
HpGP-ITA-006,592205,1592030,Helicobacter,Helicobacter pylori,Helicobacter pylori B38
HpGP-ITA-007,765962,1612055,Helicobacter,Helicobacter pylori,Helicobacter pylori SJM180
HpGP-ITA-008,907237,1607997,Helicobacter,Helicobacter pylori,Helicobacter pylori Lithuania75
HpGP-ITA-009,1321939,1689382,Helicobacter,Helicobacter pylori,Helicobacter pylori UM037
HpGP-ITA-010,592205,1617268,Helicobacter,Helicobacter pylori,Helicobacter pylori B38
HpGP-ITA-011,592205,1569490,Helicobacter,Helicobacter pylori,Helicobacter pylori B38
HpGP-ITA-012,592205,1629571,Helicobacter,Helicobacter pylori,Helicobacter pylori B38
HpGP-ITA-013,592205,1617418,Helicobacter,Helicobacter pylori,Helicobacter pylori B38
HpGP-ITA-014,765962,1683999,Helicobacter,Helicobacter pylori,Helicobacter pylori SJM180
HpGP-ITA-015,765962,1673871,Helicobacter,Helicobacter pylori,Helicobacter pylori SJM180
HpGP-ITA-016,765962,1643630,Helicobacter,Helicobacter pylori,Helicobacter pylori SJM180
HpGP-ITA-017,357544,1648455,Helicobacter,Helicobacter pylori,Helicobacter pylori HPAG1
HpGP-ITA-018,592205,1689782,Helicobacter,Helicobacter pylori,Helicobacter pylori B38
HpGP-ITA-019,357544,1684588,Helicobacter,Helicobacter pylori,Helicobacter pylori HPAG1
HpGP-ITA-020,592205,1641286,Helicobacter,Helicobacter pylori,Helicobacter pylori B38
HpGP-ITA-022,907237,1644985,Helicobacter,Helicobacter pylori,Helicobacter pylori Lithuania75
HpGP-ITA-023,1321939,1672996,Helicobacter,Helicobacter pylori,Helicobacter pylori UM037
HpGP-ITA-024,210,1644570,Helicobacter,Helicobacter pylori,
HpGP-ITA-025,592205,1585545,Helicobacter,Helicobacter pylori,Helicobacter pylori B38
HpGP-ITA-026,592205,1664760,Helicobacter,Helicobacter pylori,Helicobacter pylori B38
HpGP-ITA-027,907237,1657711,Helicobacter,Helicobacter pylori,Helicobacter pylori Lithuania75
HpGP-ITA-028,907237,1620196,Helicobacter,Helicobacter pylori,Helicobacter pylori Lithuania75
HpGP-ITA-029,907237,1619028,Helicobacter,Helicobacter pylori,Helicobacter pylori Lithuania75
HpGP-ITA-030,357544,1624989,Helicobacter,Helicobacter pylori,Helicobacter pylori HPAG1
HpGP-JAP-002,1382922,1562309,Helicobacter,Helicobacter pylori,Helicobacter pylori oki128
HpGP-JAP-009,102608,1621311,Helicobacter,Helicobacter pylori,Helicobacter pylori F32
HpGP-JAP-010,1321940,1574397,Helicobacter,Helicobacter pylori,Helicobacter pylori UM066
HpGP-JAP-012,1248726,1578055,Helicobacter,Helicobacter pylori,Helicobacter pylori OK310
HpGP-JAP-013,585538,1602993,Helicobacter,Helicobacter pylori,Helicobacter pylori 83
HpGP-JAP-015,866345,1584499,Helicobacter,Helicobacter pylori,Helicobacter pylori F30
HpGP-JAP-016,866346,1611534,Helicobacter,Helicobacter pylori,Helicobacter pylori F57
HpGP-JAP-017,1248726,1646976,Helicobacter,Helicobacter pylori,Helicobacter pylori OK310
HpGP-JAP-019,866346,1576864,Helicobacter,Helicobacter pylori,Helicobacter pylori F57
HpGP-JAP-021,585538,1555891,Helicobacter,Helicobacter pylori,Helicobacter pylori 83
HpGP-JAP-022,1382922,1572869,Helicobacter,Helicobacter pylori,Helicobacter pylori oki128
HpGP-JAP-026,1248725,1573045,Helicobacter,Helicobacter pylori,Helicobacter pylori OK113
HpGP-JAP-028,866346,1606474,Helicobacter,Helicobacter pylori,Helicobacter pylori F57
HpGP-JAP-029,866346,1579445,Helicobacter,Helicobacter pylori,Helicobacter pylori F57
HpGP-JAP-101,1382922,1571531,Helicobacter,Helicobacter pylori,Helicobacter pylori oki128
HpGP-JAP-102,1382920,1630918,Helicobacter,Helicobacter pylori,Helicobacter pylori oki102
HpGP-JAP-103,1248726,1543209,Helicobacter,Helicobacter pylori,Helicobacter pylori OK310
HpGP-JAP-104,1382921,1629601,Helicobacter,Helicobacter pylori,Helicobacter pylori oki112
HpGP-JAP-105,1382922,1555420,Helicobacter,Helicobacter pylori,Helicobacter pylori oki128
HpGP-JAP-106,1248725,1594270,Helicobacter,Helicobacter pylori,Helicobacter pylori OK113
HpGP-JAP-107,1248725,1585669,Helicobacter,Helicobacter pylori,Helicobacter pylori OK113
HpGP-JAP-108,1248725,1561411,Helicobacter,Helicobacter pylori,Helicobacter pylori OK113
HpGP-JAP-109,1248725,1585338,Helicobacter,Helicobacter pylori,Helicobacter pylori OK113
HpGP-JAP-110,1055527,1666689,Helicobacter,Helicobacter pylori,Helicobacter pylori ELS37
HpGP-JAP-111,907239,1563824,Helicobacter,Helicobacter pylori,Helicobacter pylori SouthAfrica7
HpGP-JAP-112,102608,1578838,Helicobacter,Helicobacter pylori,Helicobacter pylori F32
HpGP-JAP-113,866346,1609003,Helicobacter,Helicobacter pylori,Helicobacter pylori F57
HpGP-JAP-114,1248725,1620727,Helicobacter,Helicobacter pylori,Helicobacter pylori OK113
HpGP-JAP-115,1382923,1606574,Helicobacter,Helicobacter pylori,Helicobacter pylori oki154
HpGP-JOR-001,1321939,1641145,Helicobacter,Helicobacter pylori,Helicobacter pylori UM037
HpGP-JOR-002,1163743,1613253,Helicobacter,Helicobacter pylori,Helicobacter pylori HUP-B14
HpGP-JOR-003,907239,1717221,Helicobacter,Helicobacter pylori,Helicobacter pylori SouthAfrica7
HpGP-JOR-004,907239,1681362,Helicobacter,Helicobacter pylori,Helicobacter pylori SouthAfrica7
HpGP-JOR-005,1426844,1724222,Helicobacter,Helicobacter pylori,Helicobacter pylori NY40
HpGP-JOR-006,985080,1725642,Helicobacter,Helicobacter pylori,Helicobacter pylori 2018
HpGP-JOR-007,1321939,1670567,Helicobacter,Helicobacter pylori,Helicobacter pylori UM037
HpGP-JOR-008,1321939,1706861,Helicobacter,Helicobacter pylori,Helicobacter pylori UM037
HpGP-JOR-009,1321939,1632805,Helicobacter,Helicobacter pylori,Helicobacter pylori UM037
HpGP-JOR-010,1321939,1613086,Helicobacter,Helicobacter pylori,Helicobacter pylori UM037
HpGP-KAZ-001,592205,1660958,Helicobacter,Helicobacter pylori,Helicobacter pylori B38
HpGP-KAZ-002,1055532,1647055,Helicobacter,Helicobacter pylori,Helicobacter pylori Aklavik86
HpGP-KGZ-001,1321939,1668232,Helicobacter,Helicobacter pylori,Helicobacter pylori UM037
HpGP-KGZ-002,907237,1725670,Helicobacter,Helicobacter pylori,Helicobacter pylori Lithuania75
HpGP-KGZ-003,1321939,1610669,Helicobacter,Helicobacter pylori,Helicobacter pylori UM037
HpGP-KGZ-004,907238,1676629,Helicobacter,Helicobacter pylori,Helicobacter pylori India7
HpGP-KGZ-005,1055532,1633592,Helicobacter,Helicobacter pylori,Helicobacter pylori Aklavik86
HpGP-KGZ-006,1055532,1650441,Helicobacter,Helicobacter pylori,Helicobacter pylori Aklavik86
HpGP-KGZ-007,1321939,1682539,Helicobacter,Helicobacter pylori,Helicobacter pylori UM037
HpGP-KGZ-008,1321939,1682179,Helicobacter,Helicobacter pylori,Helicobacter pylori UM037
HpGP-KGZ-009,907237,1638002,Helicobacter,Helicobacter pylori,Helicobacter pylori Lithuania75
HpGP-KGZ-010,765962,1697762,Helicobacter,Helicobacter pylori,Helicobacter pylori SJM180
HpGP-KOR-001,102608,1639173,Helicobacter,Helicobacter pylori,Helicobacter pylori F32
HpGP-KOR-002,585538,1597612,Helicobacter,Helicobacter pylori,Helicobacter pylori 83
HpGP-KOR-004,102608,1578635,Helicobacter,Helicobacter pylori,Helicobacter pylori F32
HpGP-KOR-005,102608,1635019,Helicobacter,Helicobacter pylori,Helicobacter pylori F32
HpGP-KOR-006,585538,1591078,Helicobacter,Helicobacter pylori,Helicobacter pylori 83
HpGP-KOR-007,102608,1573924,Helicobacter,Helicobacter pylori,Helicobacter pylori F32
HpGP-KOR-008,102608,1573168,Helicobacter,Helicobacter pylori,Helicobacter pylori F32
HpGP-KOR-009,102608,1595446,Helicobacter,Helicobacter pylori,Helicobacter pylori F32
HpGP-KOR-010,102608,1582866,Helicobacter,Helicobacter pylori,Helicobacter pylori F32
HpGP-KOR-012,102608,1625995,Helicobacter,Helicobacter pylori,Helicobacter pylori F32
HpGP-KOR-013,585538,1620816,Helicobacter,Helicobacter pylori,Helicobacter pylori 83
HpGP-KOR-014,585538,1558002,Helicobacter,Helicobacter pylori,Helicobacter pylori 83
HpGP-KOR-016,102608,1575407,Helicobacter,Helicobacter pylori,Helicobacter pylori F32
HpGP-KOR-019,102608,1622433,Helicobacter,Helicobacter pylori,Helicobacter pylori F32
HpGP-KOR-020,102608,1648740,Helicobacter,Helicobacter pylori,Helicobacter pylori F32
HpGP-KOR-021,102608,1573564,Helicobacter,Helicobacter pylori,Helicobacter pylori F32
HpGP-KOR-022,102608,1566880,Helicobacter,Helicobacter pylori,Helicobacter pylori F32
HpGP-KOR-023,585538,1589076,Helicobacter,Helicobacter pylori,Helicobacter pylori 83
HpGP-KOR-024,102608,1621161,Helicobacter,Helicobacter pylori,Helicobacter pylori F32
HpGP-KOR-025,102608,1607001,Helicobacter,Helicobacter pylori,Helicobacter pylori F32
HpGP-KOR-027,1382922,1623106,Helicobacter,Helicobacter pylori,Helicobacter pylori oki128
HpGP-KOR-028,102608,1571838,Helicobacter,Helicobacter pylori,Helicobacter pylori F32
HpGP-KOR-029,102608,1599356,Helicobacter,Helicobacter pylori,Helicobacter pylori F32
HpGP-KOR-032,102608,1641244,Helicobacter,Helicobacter pylori,Helicobacter pylori F32
HpGP-KOR-033,102608,1613357,Helicobacter,Helicobacter pylori,Helicobacter pylori F32
HpGP-KOR-034,102608,1602931,Helicobacter,Helicobacter pylori,Helicobacter pylori F32
HpGP-KOR-035,102608,1581821,Helicobacter,Helicobacter pylori,Helicobacter pylori F32
HpGP-KOR-036,102608,1620264,Helicobacter,Helicobacter pylori,Helicobacter pylori F32
HpGP-KOR-037,102608,1637274,Helicobacter,Helicobacter pylori,Helicobacter pylori F32
HpGP-KOR-041,102608,1605825,Helicobacter,Helicobacter pylori,Helicobacter pylori F32
HpGP-KOR-042,102608,1593735,Helicobacter,Helicobacter pylori,Helicobacter pylori F32
HpGP-KOR-043,102608,1617008,Helicobacter,Helicobacter pylori,Helicobacter pylori F32
HpGP-KOR-044,102608,1608074,Helicobacter,Helicobacter pylori,Helicobacter pylori F32
HpGP-KOR-045,102608,1609731,Helicobacter,Helicobacter pylori,Helicobacter pylori F32
HpGP-KOR-046,585538,1611772,Helicobacter,Helicobacter pylori,Helicobacter pylori 83
HpGP-KOR-047,102608,1567034,Helicobacter,Helicobacter pylori,Helicobacter pylori F32
HpGP-KOR-048,102608,1574538,Helicobacter,Helicobacter pylori,Helicobacter pylori F32
HpGP-KOR-049,102608,1615428,Helicobacter,Helicobacter pylori,Helicobacter pylori F32
HpGP-KOR-050,102608,1611527,Helicobacter,Helicobacter pylori,Helicobacter pylori F32
HpGP-KOR-051,907239,1619460,Helicobacter,Helicobacter pylori,Helicobacter pylori SouthAfrica7
HpGP-KOR-052,907239,1558379,Helicobacter,Helicobacter pylori,Helicobacter pylori SouthAfrica7
HpGP-KOR-053,210,1561159,Helicobacter,Helicobacter pylori,
HpGP-KOR-101,907239,1628820,Helicobacter,Helicobacter pylori,Helicobacter pylori SouthAfrica7
HpGP-KOR-105,102608,1593957,Helicobacter,Helicobacter pylori,Helicobacter pylori F32
HpGP-KOR-109,102608,1610271,Helicobacter,Helicobacter pylori,Helicobacter pylori F32
HpGP-KOR-110,1055532,1623221,Helicobacter,Helicobacter pylori,Helicobacter pylori Aklavik86
HpGP-KOR-111,585538,1637383,Helicobacter,Helicobacter pylori,Helicobacter pylori 83
HpGP-KOR-112,102608,1612791,Helicobacter,Helicobacter pylori,Helicobacter pylori F32
HpGP-KOR-114,102608,1614990,Helicobacter,Helicobacter pylori,Helicobacter pylori F32
HpGP-KOR-115,102608,1572338,Helicobacter,Helicobacter pylori,Helicobacter pylori F32
HpGP-KOR-116,866346,1659610,Helicobacter,Helicobacter pylori,Helicobacter pylori F57
HpGP-KOR-117,102608,1594961,Helicobacter,Helicobacter pylori,Helicobacter pylori F32
HpGP-KOR-118,102608,1620101,Helicobacter,Helicobacter pylori,Helicobacter pylori F32
HpGP-KOR-119,1055531,1588944,Helicobacter,Helicobacter pylori,Helicobacter pylori Aklavik117
HpGP-LAT-001,907237,1667401,Helicobacter,Helicobacter pylori,Helicobacter pylori Lithuania75
HpGP-LAT-002,592205,1609167,Helicobacter,Helicobacter pylori,Helicobacter pylori B38
HpGP-LAT-003,1321939,1685446,Helicobacter,Helicobacter pylori,Helicobacter pylori UM037
HpGP-LAT-004,907237,1673764,Helicobacter,Helicobacter pylori,Helicobacter pylori Lithuania75
HpGP-LAT-005,907237,1680090,Helicobacter,Helicobacter pylori,Helicobacter pylori Lithuania75
HpGP-LAT-006,907237,1655677,Helicobacter,Helicobacter pylori,Helicobacter pylori Lithuania75
HpGP-LAT-007,907237,1672884,Helicobacter,Helicobacter pylori,Helicobacter pylori Lithuania75
HpGP-LAT-008,907237,1608981,Helicobacter,Helicobacter pylori,Helicobacter pylori Lithuania75
HpGP-LAT-009,907237,1650243,Helicobacter,Helicobacter pylori,Helicobacter pylori Lithuania75
HpGP-LAT-010,907237,1605087,Helicobacter,Helicobacter pylori,Helicobacter pylori Lithuania75
HpGP-LAT-011,907237,1656614,Helicobacter,Helicobacter pylori,Helicobacter pylori Lithuania75
HpGP-LAT-012,1321939,1642396,Helicobacter,Helicobacter pylori,Helicobacter pylori UM037
HpGP-LAT-014,907237,1648207,Helicobacter,Helicobacter pylori,Helicobacter pylori Lithuania75
HpGP-LAT-015,907237,1639778,Helicobacter,Helicobacter pylori,Helicobacter pylori Lithuania75
HpGP-LAT-017,907237,1682262,Helicobacter,Helicobacter pylori,Helicobacter pylori Lithuania75
HpGP-LAT-018,907237,1642365,Helicobacter,Helicobacter pylori,Helicobacter pylori Lithuania75
HpGP-LAT-019,907237,1647783,Helicobacter,Helicobacter pylori,Helicobacter pylori Lithuania75
HpGP-LAT-020,907237,1704348,Helicobacter,Helicobacter pylori,Helicobacter pylori Lithuania75
HpGP-LAT-021,907237,1668928,Helicobacter,Helicobacter pylori,Helicobacter pylori Lithuania75
HpGP-LAT-022,357544,1722162,Helicobacter,Helicobacter pylori,Helicobacter pylori HPAG1
HpGP-LAT-023,907237,1645794,Helicobacter,Helicobacter pylori,Helicobacter pylori Lithuania75
HpGP-LAT-024,907237,1638412,Helicobacter,Helicobacter pylori,Helicobacter pylori Lithuania75
HpGP-LAT-025,907237,1652134,Helicobacter,Helicobacter pylori,Helicobacter pylori Lithuania75
HpGP-LAT-026,907237,1661550,Helicobacter,Helicobacter pylori,Helicobacter pylori Lithuania75
HpGP-LAT-027,907238,1604477,Helicobacter,Helicobacter pylori,Helicobacter pylori India7
HpGP-LAT-028,907237,1699060,Helicobacter,Helicobacter pylori,Helicobacter pylori Lithuania75
HpGP-LAT-029,1321939,1660539,Helicobacter,Helicobacter pylori,Helicobacter pylori UM037
HpGP-LAT-030,907237,1598205,Helicobacter,Helicobacter pylori,Helicobacter pylori Lithuania75
HpGP-LAT-031,907237,1631110,Helicobacter,Helicobacter pylori,Helicobacter pylori Lithuania75
HpGP-LAT-032,907237,1657643,Helicobacter,Helicobacter pylori,Helicobacter pylori Lithuania75
HpGP-LAT-033,592205,1621704,Helicobacter,Helicobacter pylori,Helicobacter pylori B38
HpGP-LAT-034,907237,1619406,Helicobacter,Helicobacter pylori,Helicobacter pylori Lithuania75
HpGP-LAT-035,907237,1632598,Helicobacter,Helicobacter pylori,Helicobacter pylori Lithuania75
HpGP-LAT-036,907237,1651657,Helicobacter,Helicobacter pylori,Helicobacter pylori Lithuania75
HpGP-LIT-001,907237,1677648,Helicobacter,Helicobacter pylori,Helicobacter pylori Lithuania75
HpGP-LIT-002,907237,1603772,Helicobacter,Helicobacter pylori,Helicobacter pylori Lithuania75
HpGP-LIT-003,907237,1650816,Helicobacter,Helicobacter pylori,Helicobacter pylori Lithuania75
HpGP-LIT-004,907237,1674442,Helicobacter,Helicobacter pylori,Helicobacter pylori Lithuania75
HpGP-LIT-006,907237,1631670,Helicobacter,Helicobacter pylori,Helicobacter pylori Lithuania75
HpGP-LIT-007,1321939,1694113,Helicobacter,Helicobacter pylori,Helicobacter pylori UM037
HpGP-LIT-008,907237,1552010,Helicobacter,Helicobacter pylori,Helicobacter pylori Lithuania75
HpGP-LIT-010,907237,1674537,Helicobacter,Helicobacter pylori,Helicobacter pylori Lithuania75
HpGP-LIT-012,357544,1614136,Helicobacter,Helicobacter pylori,Helicobacter pylori HPAG1
HpGP-LIT-013,907237,1654125,Helicobacter,Helicobacter pylori,Helicobacter pylori Lithuania75
HpGP-LIT-020,907237,1607678,Helicobacter,Helicobacter pylori,Helicobacter pylori Lithuania75
HpGP-LIT-021,907237,1684671,Helicobacter,Helicobacter pylori,Helicobacter pylori Lithuania75
HpGP-LIT-023,907237,1644498,Helicobacter,Helicobacter pylori,Helicobacter pylori Lithuania75
HpGP-LIT-024,907237,1719962,Helicobacter,Helicobacter pylori,Helicobacter pylori Lithuania75
HpGP-LIT-025,907237,1667509,Helicobacter,Helicobacter pylori,Helicobacter pylori Lithuania75
HpGP-LIT-026,907237,1671520,Helicobacter,Helicobacter pylori,Helicobacter pylori Lithuania75
HpGP-LIT-028,907237,1672940,Helicobacter,Helicobacter pylori,Helicobacter pylori Lithuania75
HpGP-LIT-029,907237,1631464,Helicobacter,Helicobacter pylori,Helicobacter pylori Lithuania75
HpGP-LIT-030,907237,1652702,Helicobacter,Helicobacter pylori,Helicobacter pylori Lithuania75
HpGP-LIT-031,907237,1655223,Helicobacter,Helicobacter pylori,Helicobacter pylori Lithuania75
HpGP-LIT-032,357544,1616573,Helicobacter,Helicobacter pylori,Helicobacter pylori HPAG1
HpGP-LIT-035,907237,1633016,Helicobacter,Helicobacter pylori,Helicobacter pylori Lithuania75
HpGP-LIT-041,907237,1657925,Helicobacter,Helicobacter pylori,Helicobacter pylori Lithuania75
HpGP-MAL-002,907238,1682359,Helicobacter,Helicobacter pylori,Helicobacter pylori India7
HpGP-MAL-003,1321940,1605592,Helicobacter,Helicobacter pylori,Helicobacter pylori UM066
HpGP-MAL-004,1055530,1649360,Helicobacter,Helicobacter pylori,Helicobacter pylori SNT49
HpGP-MAL-005,1248726,1586094,Helicobacter,Helicobacter pylori,Helicobacter pylori OK310
HpGP-MAL-006,1321940,1664417,Helicobacter,Helicobacter pylori,Helicobacter pylori UM066
HpGP-MAL-007,1321939,1699103,Helicobacter,Helicobacter pylori,Helicobacter pylori UM037
HpGP-MAL-008,1321940,1558732,Helicobacter,Helicobacter pylori,Helicobacter pylori UM066
HpGP-MAL-010,1321940,1617509,Helicobacter,Helicobacter pylori,Helicobacter pylori UM066
HpGP-MAL-012,1321940,1591039,Helicobacter,Helicobacter pylori,Helicobacter pylori UM066
HpGP-MAL-015,1321940,1612622,Helicobacter,Helicobacter pylori,Helicobacter pylori UM066
HpGP-MAL-016,1055530,1671907,Helicobacter,Helicobacter pylori,Helicobacter pylori SNT49
HpGP-MAL-017,1055530,1590675,Helicobacter,Helicobacter pylori,Helicobacter pylori SNT49
HpGP-MAL-018,1321940,1622971,Helicobacter,Helicobacter pylori,Helicobacter pylori UM066
HpGP-MAL-019,1055530,1615796,Helicobacter,Helicobacter pylori,Helicobacter pylori SNT49
HpGP-MAL-020,1321940,1583392,Helicobacter,Helicobacter pylori,Helicobacter pylori UM066
HpGP-MAL-021,1321940,1658488,Helicobacter,Helicobacter pylori,Helicobacter pylori UM066
HpGP-MAL-022,1321940,1574201,Helicobacter,Helicobacter pylori,Helicobacter pylori UM066
HpGP-MAL-023,1321940,1582641,Helicobacter,Helicobacter pylori,Helicobacter pylori UM066
HpGP-MAL-025,1055530,1632926,Helicobacter,Helicobacter pylori,Helicobacter pylori SNT49
HpGP-MEX-001,1426844,1706154,Helicobacter,Helicobacter pylori,Helicobacter pylori NY40
HpGP-MEX-002,1426844,1676517,Helicobacter,Helicobacter pylori,Helicobacter pylori NY40
HpGP-MEX-003,1055527,1667742,Helicobacter,Helicobacter pylori,Helicobacter pylori ELS37
HpGP-MEX-004,1055527,1621730,Helicobacter,Helicobacter pylori,Helicobacter pylori ELS37
HpGP-MEX-006,1055527,1654022,Helicobacter,Helicobacter pylori,Helicobacter pylori ELS37
HpGP-MEX-007,592205,1575038,Helicobacter,Helicobacter pylori,Helicobacter pylori B38
HpGP-MEX-008,907239,1642782,Helicobacter,Helicobacter pylori,Helicobacter pylori SouthAfrica7
HpGP-MEX-009,1055527,1569832,Helicobacter,Helicobacter pylori,Helicobacter pylori ELS37
HpGP-MEX-010,1426844,1658652,Helicobacter,Helicobacter pylori,Helicobacter pylori NY40
HpGP-MEX-012,765962,1653021,Helicobacter,Helicobacter pylori,Helicobacter pylori SJM180
HpGP-MEX-023,1055527,1595213,Helicobacter,Helicobacter pylori,Helicobacter pylori ELS37
HpGP-MEX-024,1426844,1657324,Helicobacter,Helicobacter pylori,Helicobacter pylori NY40
HpGP-MEX-027,1426844,1664528,Helicobacter,Helicobacter pylori,Helicobacter pylori NY40
HpGP-MEX-028,1055531,1562280,Helicobacter,Helicobacter pylori,Helicobacter pylori Aklavik117
HpGP-MEX-032,1426844,1631020,Helicobacter,Helicobacter pylori,Helicobacter pylori NY40
HpGP-MEX-035,1426844,1632040,Helicobacter,Helicobacter pylori,Helicobacter pylori NY40
HpGP-MEX-040,765962,1661496,Helicobacter,Helicobacter pylori,Helicobacter pylori SJM180
HpGP-MEX-041,985080,1653195,Helicobacter,Helicobacter pylori,Helicobacter pylori 2018
HpGP-MEX-043,1055527,1656016,Helicobacter,Helicobacter pylori,Helicobacter pylori ELS37
HpGP-MEX-044,1055527,1696467,Helicobacter,Helicobacter pylori,Helicobacter pylori ELS37
HpGP-MEX-045,907240,1666989,Helicobacter,Helicobacter pylori,Helicobacter pylori Gambia94/24
HpGP-MEX-046,907240,1694691,Helicobacter,Helicobacter pylori,Helicobacter pylori Gambia94/24
HpGP-MMR-001,1055530,1631744,Helicobacter,Helicobacter pylori,Helicobacter pylori SNT49
HpGP-MMR-002,1055530,1611443,Helicobacter,Helicobacter pylori,Helicobacter pylori SNT49
HpGP-MMR-003,1055530,1640323,Helicobacter,Helicobacter pylori,Helicobacter pylori SNT49
HpGP-MMR-004,1055530,1600135,Helicobacter,Helicobacter pylori,Helicobacter pylori SNT49
HpGP-MMR-005,1055530,1597597,Helicobacter,Helicobacter pylori,Helicobacter pylori SNT49
HpGP-MMR-006,1055530,1568847,Helicobacter,Helicobacter pylori,Helicobacter pylori SNT49
HpGP-MMR-007,1055530,1576851,Helicobacter,Helicobacter pylori,Helicobacter pylori SNT49
HpGP-MMR-008,1055530,1567940,Helicobacter,Helicobacter pylori,Helicobacter pylori SNT49
HpGP-MMR-009,1055530,1609424,Helicobacter,Helicobacter pylori,Helicobacter pylori SNT49
HpGP-MMR-010,907238,1612778,Helicobacter,Helicobacter pylori,Helicobacter pylori India7
HpGP-MMR-011,1055530,1582122,Helicobacter,Helicobacter pylori,Helicobacter pylori SNT49
HpGP-MMR-012,907238,1618041,Helicobacter,Helicobacter pylori,Helicobacter pylori India7
HpGP-NGA-006,907240,1650836,Helicobacter,Helicobacter pylori,Helicobacter pylori Gambia94/24
HpGP-NGA-010,907240,1638223,Helicobacter,Helicobacter pylori,Helicobacter pylori Gambia94/24
HpGP-NGA-017,907240,1695242,Helicobacter,Helicobacter pylori,Helicobacter pylori Gambia94/24
HpGP-NGA-019,985080,1650902,Helicobacter,Helicobacter pylori,Helicobacter pylori 2018
HpGP-NPL-001,1055530,1616123,Helicobacter,Helicobacter pylori,Helicobacter pylori SNT49
HpGP-NPL-002,907238,1599923,Helicobacter,Helicobacter pylori,Helicobacter pylori India7
HpGP-NPL-003,907238,1692116,Helicobacter,Helicobacter pylori,Helicobacter pylori India7
HpGP-NPL-004,1055530,1666477,Helicobacter,Helicobacter pylori,Helicobacter pylori SNT49
HpGP-NPL-005,1321939,1596329,Helicobacter,Helicobacter pylori,Helicobacter pylori UM037
HpGP-NPL-006,1321939,1596442,Helicobacter,Helicobacter pylori,Helicobacter pylori UM037
HpGP-NPL-007,1055530,1645201,Helicobacter,Helicobacter pylori,Helicobacter pylori SNT49
HpGP-NPL-008,907238,1603512,Helicobacter,Helicobacter pylori,Helicobacter pylori India7
HpGP-NPL-009,907238,1730412,Helicobacter,Helicobacter pylori,Helicobacter pylori India7
HpGP-NPL-010,1321939,1658501,Helicobacter,Helicobacter pylori,Helicobacter pylori UM037
HpGP-NPL-011,1055530,1620053,Helicobacter,Helicobacter pylori,Helicobacter pylori SNT49
HpGP-NPL-012,1321939,1632825,Helicobacter,Helicobacter pylori,Helicobacter pylori UM037
HpGP-NPL-013,1055530,1635285,Helicobacter,Helicobacter pylori,Helicobacter pylori SNT49
HpGP-PER-011,765962,1663843,Helicobacter,Helicobacter pylori,Helicobacter pylori SJM180
HpGP-PER-013,907240,1690356,Helicobacter,Helicobacter pylori,Helicobacter pylori Gambia94/24
HpGP-PER-014,907239,1638323,Helicobacter,Helicobacter pylori,Helicobacter pylori SouthAfrica7
HpGP-PER-016,1163743,1689378,Helicobacter,Helicobacter pylori,Helicobacter pylori HUP-B14
HpGP-PER-017,1426844,1757475,Helicobacter,Helicobacter pylori,Helicobacter pylori NY40
HpGP-PER-018,907240,1662753,Helicobacter,Helicobacter pylori,Helicobacter pylori Gambia94/24
HpGP-PER-019,637913,1657313,Helicobacter,Helicobacter pylori,Helicobacter pylori v225d
HpGP-PER-020,985080,1687602,Helicobacter,Helicobacter pylori,Helicobacter pylori 2018
HpGP-PER-021,1426844,1660874,Helicobacter,Helicobacter pylori,Helicobacter pylori NY40
HpGP-PER-101,765962,1647544,Helicobacter,Helicobacter pylori,Helicobacter pylori SJM180
HpGP-PER-102,765962,1677482,Helicobacter,Helicobacter pylori,Helicobacter pylori SJM180
HpGP-PER-103,592205,1661938,Helicobacter,Helicobacter pylori,Helicobacter pylori B38
HpGP-PER-104,765962,1686285,Helicobacter,Helicobacter pylori,Helicobacter pylori SJM180
HpGP-PER-105,765963,1645339,Helicobacter,Helicobacter pylori,Helicobacter pylori PeCan4
HpGP-PER-106,765962,1603400,Helicobacter,Helicobacter pylori,Helicobacter pylori SJM180
HpGP-PER-107,765962,1688447,Helicobacter,Helicobacter pylori,Helicobacter pylori SJM180
HpGP-PER-108,765962,1657757,Helicobacter,Helicobacter pylori,Helicobacter pylori SJM180
HpGP-PER-109,1426844,1619800,Helicobacter,Helicobacter pylori,Helicobacter pylori NY40
HpGP-PER-110,765962,1636263,Helicobacter,Helicobacter pylori,Helicobacter pylori SJM180
HpGP-PER-111,765963,1623603,Helicobacter,Helicobacter pylori,Helicobacter pylori PeCan4
HpGP-PER-112,907240,1651932,Helicobacter,Helicobacter pylori,Helicobacter pylori Gambia94/24
HpGP-PER-113,765962,1658267,Helicobacter,Helicobacter pylori,Helicobacter pylori SJM180
HpGP-PER-114,907240,1679581,Helicobacter,Helicobacter pylori,Helicobacter pylori Gambia94/24
HpGP-PER-115,1426844,1652370,Helicobacter,Helicobacter pylori,Helicobacter pylori NY40
HpGP-PER-116,907239,1692634,Helicobacter,Helicobacter pylori,Helicobacter pylori SouthAfrica7
HpGP-PER-117,1426844,1689598,Helicobacter,Helicobacter pylori,Helicobacter pylori NY40
HpGP-PER-119,765962,1655482,Helicobacter,Helicobacter pylori,Helicobacter pylori SJM180
HpGP-PER-121,1055528,1639402,Helicobacter,Helicobacter pylori,Helicobacter pylori Puno120
HpGP-PER-124,1055527,1650052,Helicobacter,Helicobacter pylori,Helicobacter pylori ELS37
HpGP-PER-130,765962,1637506,Helicobacter,Helicobacter pylori,Helicobacter pylori SJM180
HpGP-PER-136,765962,1660283,Helicobacter,Helicobacter pylori,Helicobacter pylori SJM180
HpGP-PER-138,1055529,1683001,Helicobacter,Helicobacter pylori,Helicobacter pylori Puno135
HpGP-PER-140,1426844,1655604,Helicobacter,Helicobacter pylori,Helicobacter pylori NY40
HpGP-POL-001,907237,1633993,Helicobacter,Helicobacter pylori,Helicobacter pylori Lithuania75
HpGP-POL-002,210,1628401,Helicobacter,Helicobacter pylori,
HpGP-POL-003,907237,1568530,Helicobacter,Helicobacter pylori,Helicobacter pylori Lithuania75
HpGP-POL-004,907237,1591337,Helicobacter,Helicobacter pylori,Helicobacter pylori Lithuania75
HpGP-POL-005,907237,1645618,Helicobacter,Helicobacter pylori,Helicobacter pylori Lithuania75
HpGP-POL-006,592205,1556705,Helicobacter,Helicobacter pylori,Helicobacter pylori B38
HpGP-POL-007,1321939,1685207,Helicobacter,Helicobacter pylori,Helicobacter pylori UM037
HpGP-POL-008,592205,1579734,Helicobacter,Helicobacter pylori,Helicobacter pylori B38
HpGP-POL-009,907237,1672002,Helicobacter,Helicobacter pylori,Helicobacter pylori Lithuania75
HpGP-POL-010,1321939,1629212,Helicobacter,Helicobacter pylori,Helicobacter pylori UM037
HpGP-POL-101,592205,1559373,Helicobacter,Helicobacter pylori,Helicobacter pylori B38
HpGP-POL-102,907237,1648499,Helicobacter,Helicobacter pylori,Helicobacter pylori Lithuania75
HpGP-POL-103,907237,1644321,Helicobacter,Helicobacter pylori,Helicobacter pylori Lithuania75
HpGP-POL-104,907237,1669729,Helicobacter,Helicobacter pylori,Helicobacter pylori Lithuania75
HpGP-POL-105,907237,1552166,Helicobacter,Helicobacter pylori,Helicobacter pylori Lithuania75
HpGP-POL-106,907237,1560843,Helicobacter,Helicobacter pylori,Helicobacter pylori Lithuania75
HpGP-POL-107,907237,1648427,Helicobacter,Helicobacter pylori,Helicobacter pylori Lithuania75
HpGP-POL-108,907237,1560828,Helicobacter,Helicobacter pylori,Helicobacter pylori Lithuania75
HpGP-POL-109,907237,1629884,Helicobacter,Helicobacter pylori,Helicobacter pylori Lithuania75
HpGP-POL-110,1321939,1590582,Helicobacter,Helicobacter pylori,Helicobacter pylori UM037
HpGP-POR-001,907239,1623106,Helicobacter,Helicobacter pylori,Helicobacter pylori SouthAfrica7
HpGP-POR-002,1163743,1625342,Helicobacter,Helicobacter pylori,Helicobacter pylori HUP-B14
HpGP-POR-003,592205,1607602,Helicobacter,Helicobacter pylori,Helicobacter pylori B38
HpGP-POR-004,907240,1650708,Helicobacter,Helicobacter pylori,Helicobacter pylori Gambia94/24
HpGP-POR-005,765962,1688313,Helicobacter,Helicobacter pylori,Helicobacter pylori SJM180
HpGP-POR-006,907239,1612193,Helicobacter,Helicobacter pylori,Helicobacter pylori SouthAfrica7
HpGP-POR-007,1055527,1595082,Helicobacter,Helicobacter pylori,Helicobacter pylori ELS37
HpGP-POR-008,1426844,1592813,Helicobacter,Helicobacter pylori,Helicobacter pylori NY40
HpGP-POR-009,1426844,1590970,Helicobacter,Helicobacter pylori,Helicobacter pylori NY40
HpGP-POR-010,1426844,1607134,Helicobacter,Helicobacter pylori,Helicobacter pylori NY40
HpGP-POR-011,1163743,1651002,Helicobacter,Helicobacter pylori,Helicobacter pylori HUP-B14
HpGP-POR-012,765962,1652397,Helicobacter,Helicobacter pylori,Helicobacter pylori SJM180
HpGP-POR-013,1426844,1648901,Helicobacter,Helicobacter pylori,Helicobacter pylori NY40
HpGP-POR-015,1426844,1672479,Helicobacter,Helicobacter pylori,Helicobacter pylori NY40
HpGP-POR-018,1163743,1607128,Helicobacter,Helicobacter pylori,Helicobacter pylori HUP-B14
HpGP-POR-101,1426844,1664529,Helicobacter,Helicobacter pylori,Helicobacter pylori NY40
HpGP-POR-102,907239,1634780,Helicobacter,Helicobacter pylori,Helicobacter pylori SouthAfrica7
HpGP-POR-103,592205,1680148,Helicobacter,Helicobacter pylori,Helicobacter pylori B38
HpGP-POR-104,1055527,1646702,Helicobacter,Helicobacter pylori,Helicobacter pylori ELS37
HpGP-POR-105,765962,1623888,Helicobacter,Helicobacter pylori,Helicobacter pylori SJM180
HpGP-POR-106,1055527,1667966,Helicobacter,Helicobacter pylori,Helicobacter pylori ELS37
HpGP-POR-107,907239,1593322,Helicobacter,Helicobacter pylori,Helicobacter pylori SouthAfrica7
HpGP-POR-108,1055527,1609654,Helicobacter,Helicobacter pylori,Helicobacter pylori ELS37
HpGP-POR-109,1426844,1604158,Helicobacter,Helicobacter pylori,Helicobacter pylori NY40
HpGP-POR-110,1055527,1696048,Helicobacter,Helicobacter pylori,Helicobacter pylori ELS37
HpGP-POR-111,1426844,1676178,Helicobacter,Helicobacter pylori,Helicobacter pylori NY40
HpGP-POR-112,1163743,1660836,Helicobacter,Helicobacter pylori,Helicobacter pylori HUP-B14
HpGP-POR-113,907240,1667121,Helicobacter,Helicobacter pylori,Helicobacter pylori Gambia94/24
HpGP-POR-114,765962,1634980,Helicobacter,Helicobacter pylori,Helicobacter pylori SJM180
HpGP-POR-115,1426844,1674256,Helicobacter,Helicobacter pylori,Helicobacter pylori NY40
HpGP-PRI-001,592205,1577958,Helicobacter,Helicobacter pylori,Helicobacter pylori B38
HpGP-PRI-002,1055527,1626441,Helicobacter,Helicobacter pylori,Helicobacter pylori ELS37
HpGP-PRI-004,1163743,1589140,Helicobacter,Helicobacter pylori,Helicobacter pylori HUP-B14
HpGP-PRI-005,985080,1629748,Helicobacter,Helicobacter pylori,Helicobacter pylori 2018
HpGP-PRI-006,1426844,1625718,Helicobacter,Helicobacter pylori,Helicobacter pylori NY40
HpGP-PRI-007,592205,1637184,Helicobacter,Helicobacter pylori,Helicobacter pylori B38
HpGP-PRI-008,907240,1672760,Helicobacter,Helicobacter pylori,Helicobacter pylori Gambia94/24
HpGP-RUS-001,907237,1639931,Helicobacter,Helicobacter pylori,Helicobacter pylori Lithuania75
HpGP-RUS-002,907237,1568135,Helicobacter,Helicobacter pylori,Helicobacter pylori Lithuania75
HpGP-RUS-003,592205,1649624,Helicobacter,Helicobacter pylori,Helicobacter pylori B38
HpGP-RUS-004,907237,1687731,Helicobacter,Helicobacter pylori,Helicobacter pylori Lithuania75
HpGP-RUS-006,907237,1657753,Helicobacter,Helicobacter pylori,Helicobacter pylori Lithuania75
HpGP-RUS-007,907237,1647615,Helicobacter,Helicobacter pylori,Helicobacter pylori Lithuania75
HpGP-RUS-008,1321939,1605656,Helicobacter,Helicobacter pylori,Helicobacter pylori UM037
HpGP-RUS-009,907237,1642568,Helicobacter,Helicobacter pylori,Helicobacter pylori Lithuania75
HpGP-RUS-010,907237,1675341,Helicobacter,Helicobacter pylori,Helicobacter pylori Lithuania75
HpGP-RUS-011,907237,1657348,Helicobacter,Helicobacter pylori,Helicobacter pylori Lithuania75
HpGP-SGP-002,1321940,1599062,Helicobacter,Helicobacter pylori,Helicobacter pylori UM066
HpGP-SGP-003,1321940,1634274,Helicobacter,Helicobacter pylori,Helicobacter pylori UM066
HpGP-SGP-004,1321940,1614436,Helicobacter,Helicobacter pylori,Helicobacter pylori UM066
HpGP-SGP-005,1321940,1637312,Helicobacter,Helicobacter pylori,Helicobacter pylori UM066
HpGP-SGP-006,1321940,1611996,Helicobacter,Helicobacter pylori,Helicobacter pylori UM066
HpGP-SGP-007,1248726,1571152,Helicobacter,Helicobacter pylori,Helicobacter pylori OK310
HpGP-SGP-008,1321940,1602637,Helicobacter,Helicobacter pylori,Helicobacter pylori UM066
HpGP-SGP-009,1321940,1630183,Helicobacter,Helicobacter pylori,Helicobacter pylori UM066
HpGP-SGP-012,1321940,1609544,Helicobacter,Helicobacter pylori,Helicobacter pylori UM066
HpGP-SGP-013,907239,1559126,Helicobacter,Helicobacter pylori,Helicobacter pylori SouthAfrica7
HpGP-SGP-014,1321940,1609419,Helicobacter,Helicobacter pylori,Helicobacter pylori UM066
HpGP-SGP-015,1321940,1688920,Helicobacter,Helicobacter pylori,Helicobacter pylori UM066
HpGP-SGP-017,1321940,1659728,Helicobacter,Helicobacter pylori,Helicobacter pylori UM066
HpGP-SGP-018,1321940,1634713,Helicobacter,Helicobacter pylori,Helicobacter pylori UM066
HpGP-SGP-019,1248726,1590963,Helicobacter,Helicobacter pylori,Helicobacter pylori OK310
HpGP-SGP-024,1321940,1572982,Helicobacter,Helicobacter pylori,Helicobacter pylori UM066
HpGP-SGP-026,1321940,1635968,Helicobacter,Helicobacter pylori,Helicobacter pylori UM066
HpGP-SGP-032,1321940,1666714,Helicobacter,Helicobacter pylori,Helicobacter pylori UM066
HpGP-SGP-033,1321940,1639073,Helicobacter,Helicobacter pylori,Helicobacter pylori UM066
HpGP-SGP-036,1321940,1617081,Helicobacter,Helicobacter pylori,Helicobacter pylori UM066
HpGP-SGP-038,1321940,1648626,Helicobacter,Helicobacter pylori,Helicobacter pylori UM066
HpGP-SPA-001,1163743,1628742,Helicobacter,Helicobacter pylori,Helicobacter pylori HUP-B14
HpGP-SPA-002,1163743,1596992,Helicobacter,Helicobacter pylori,Helicobacter pylori HUP-B14
HpGP-SPA-003,765962,1585832,Helicobacter,Helicobacter pylori,Helicobacter pylori SJM180
HpGP-SPA-004,765962,1684148,Helicobacter,Helicobacter pylori,Helicobacter pylori SJM180
HpGP-SPA-005,1426844,1589083,Helicobacter,Helicobacter pylori,Helicobacter pylori NY40
HpGP-SPA-006,907239,1618074,Helicobacter,Helicobacter pylori,Helicobacter pylori SouthAfrica7
HpGP-SPA-007,592205,1620104,Helicobacter,Helicobacter pylori,Helicobacter pylori B38
HpGP-SPA-008,592205,1655397,Helicobacter,Helicobacter pylori,Helicobacter pylori B38
HpGP-SPA-009,592205,1617114,Helicobacter,Helicobacter pylori,Helicobacter pylori B38
HpGP-SPA-010,1163743,1665059,Helicobacter,Helicobacter pylori,Helicobacter pylori HUP-B14
HpGP-SPA-011,1321939,1646998,Helicobacter,Helicobacter pylori,Helicobacter pylori UM037
HpGP-SPA-012,1163743,1594396,Helicobacter,Helicobacter pylori,Helicobacter pylori HUP-B14
HpGP-SPA-013,1163743,1622709,Helicobacter,Helicobacter pylori,Helicobacter pylori HUP-B14
HpGP-SPA-014,1055527,1607215,Helicobacter,Helicobacter pylori,Helicobacter pylori ELS37
HpGP-SPA-015,1055527,1646794,Helicobacter,Helicobacter pylori,Helicobacter pylori ELS37
HpGP-SPA-016,765962,1644442,Helicobacter,Helicobacter pylori,Helicobacter pylori SJM180
HpGP-SPA-017,1055527,1677543,Helicobacter,Helicobacter pylori,Helicobacter pylori ELS37
HpGP-SPA-018,1055527,1690854,Helicobacter,Helicobacter pylori,Helicobacter pylori ELS37
HpGP-SPA-019,1426844,1690205,Helicobacter,Helicobacter pylori,Helicobacter pylori NY40
HpGP-SPA-020,1163743,1694839,Helicobacter,Helicobacter pylori,Helicobacter pylori HUP-B14
HpGP-SPA-101,592205,1680860,Helicobacter,Helicobacter pylori,Helicobacter pylori B38
HpGP-SPA-102,592205,1613450,Helicobacter,Helicobacter pylori,Helicobacter pylori B38
HpGP-SPA-103,1163743,1570531,Helicobacter,Helicobacter pylori,Helicobacter pylori HUP-B14
HpGP-SPA-104,1163743,1630461,Helicobacter,Helicobacter pylori,Helicobacter pylori HUP-B14
HpGP-SPA-105,907240,1578300,Helicobacter,Helicobacter pylori,Helicobacter pylori Gambia94/24
HpGP-SPA-107,1426844,1643944,Helicobacter,Helicobacter pylori,Helicobacter pylori NY40
HpGP-SPA-108,1163743,1615293,Helicobacter,Helicobacter pylori,Helicobacter pylori HUP-B14
HpGP-SPA-110,592205,1567837,Helicobacter,Helicobacter pylori,Helicobacter pylori B38
HpGP-SPA-111,592205,1570816,Helicobacter,Helicobacter pylori,Helicobacter pylori B38
HpGP-SPA-201,765963,1676894,Helicobacter,Helicobacter pylori,Helicobacter pylori PeCan4
HpGP-SPA-202,985080,1688307,Helicobacter,Helicobacter pylori,Helicobacter pylori 2018
HpGP-SPA-203,1163743,1617854,Helicobacter,Helicobacter pylori,Helicobacter pylori HUP-B14
HpGP-SPA-204,907237,1602682,Helicobacter,Helicobacter pylori,Helicobacter pylori Lithuania75
HpGP-SPA-205,592205,1576095,Helicobacter,Helicobacter pylori,Helicobacter pylori B38
HpGP-SPA-206,907240,1594754,Helicobacter,Helicobacter pylori,Helicobacter pylori Gambia94/24
HpGP-SPA-207,765962,1644861,Helicobacter,Helicobacter pylori,Helicobacter pylori SJM180
HpGP-SPA-209,1163743,1630938,Helicobacter,Helicobacter pylori,Helicobacter pylori HUP-B14
HpGP-SPA-210,1163743,1587919,Helicobacter,Helicobacter pylori,Helicobacter pylori HUP-B14
HpGP-SPA-301,1163743,1659411,Helicobacter,Helicobacter pylori,Helicobacter pylori HUP-B14
HpGP-SPA-302,1163743,1633457,Helicobacter,Helicobacter pylori,Helicobacter pylori HUP-B14
HpGP-SPA-303,592205,1620854,Helicobacter,Helicobacter pylori,Helicobacter pylori B38
HpGP-SPA-304,765962,1627230,Helicobacter,Helicobacter pylori,Helicobacter pylori SJM180
HpGP-SPA-305,1426844,1665805,Helicobacter,Helicobacter pylori,Helicobacter pylori NY40
HpGP-SPA-306,1426844,1663034,Helicobacter,Helicobacter pylori,Helicobacter pylori NY40
HpGP-SPA-307,1163743,1573264,Helicobacter,Helicobacter pylori,Helicobacter pylori HUP-B14
HpGP-SPA-308,1055527,1597856,Helicobacter,Helicobacter pylori,Helicobacter pylori ELS37
HpGP-SPA-309,907240,1671245,Helicobacter,Helicobacter pylori,Helicobacter pylori Gambia94/24
HpGP-SPA-310,1055527,1574831,Helicobacter,Helicobacter pylori,Helicobacter pylori ELS37
HpGP-SPA-311,592205,1619032,Helicobacter,Helicobacter pylori,Helicobacter pylori B38
HpGP-SPA-312,1426844,1660119,Helicobacter,Helicobacter pylori,Helicobacter pylori NY40
HpGP-SPA-313,1426844,1708308,Helicobacter,Helicobacter pylori,Helicobacter pylori NY40
HpGP-SPA-314,1426844,1674867,Helicobacter,Helicobacter pylori,Helicobacter pylori NY40
HpGP-SPA-315,1163743,1639320,Helicobacter,Helicobacter pylori,Helicobacter pylori HUP-B14
HpGP-SPA-316,907240,1639067,Helicobacter,Helicobacter pylori,Helicobacter pylori Gambia94/24
HpGP-SPA-317,907240,1654233,Helicobacter,Helicobacter pylori,Helicobacter pylori Gambia94/24
HpGP-SPA-318,765962,1678202,Helicobacter,Helicobacter pylori,Helicobacter pylori SJM180
HpGP-SPA-319,1055527,1722088,Helicobacter,Helicobacter pylori,Helicobacter pylori ELS37
HpGP-SPA-320,1426844,1706210,Helicobacter,Helicobacter pylori,Helicobacter pylori NY40
HpGP-SPA-321,765962,1679943,Helicobacter,Helicobacter pylori,Helicobacter pylori SJM180
HpGP-SPA-322,1163743,1648827,Helicobacter,Helicobacter pylori,Helicobacter pylori HUP-B14
HpGP-SPA-323,1426844,1697314,Helicobacter,Helicobacter pylori,Helicobacter pylori NY40
HpGP-SPA-324,592205,1586150,Helicobacter,Helicobacter pylori,Helicobacter pylori B38
HpGP-SPA-325,765962,1678923,Helicobacter,Helicobacter pylori,Helicobacter pylori SJM180
HpGP-SPA-401,765962,1606438,Helicobacter,Helicobacter pylori,Helicobacter pylori SJM180
HpGP-SPA-402,907240,1695558,Helicobacter,Helicobacter pylori,Helicobacter pylori Gambia94/24
HpGP-SPA-403,765962,1656569,Helicobacter,Helicobacter pylori,Helicobacter pylori SJM180
HpGP-SPA-404,1055527,1621300,Helicobacter,Helicobacter pylori,Helicobacter pylori ELS37
HpGP-SPA-405,985080,1699624,Helicobacter,Helicobacter pylori,Helicobacter pylori 2018
HpGP-SPA-406,765962,1624145,Helicobacter,Helicobacter pylori,Helicobacter pylori SJM180
HpGP-SPA-407,765962,1648481,Helicobacter,Helicobacter pylori,Helicobacter pylori SJM180
HpGP-SPA-409,907240,1660290,Helicobacter,Helicobacter pylori,Helicobacter pylori Gambia94/24
HpGP-SPA-413,907239,1674489,Helicobacter,Helicobacter pylori,Helicobacter pylori SouthAfrica7
HpGP-SPA-414,592205,1590677,Helicobacter,Helicobacter pylori,Helicobacter pylori B38
HpGP-SPA-501,1426844,1628105,Helicobacter,Helicobacter pylori,Helicobacter pylori NY40
HpGP-SPA-502,592205,1576526,Helicobacter,Helicobacter pylori,Helicobacter pylori B38
HpGP-SPA-503,592205,1635430,Helicobacter,Helicobacter pylori,Helicobacter pylori B38
HpGP-SPA-504,1163743,1640813,Helicobacter,Helicobacter pylori,Helicobacter pylori HUP-B14
HpGP-SPA-505,592205,1622317,Helicobacter,Helicobacter pylori,Helicobacter pylori B38
HpGP-SPA-506,1426844,1594032,Helicobacter,Helicobacter pylori,Helicobacter pylori NY40
HpGP-SPA-507,765962,1637369,Helicobacter,Helicobacter pylori,Helicobacter pylori SJM180
HpGP-SPA-508,210,1628029,Helicobacter,Helicobacter pylori,
HpGP-SPA-509,765962,1663455,Helicobacter,Helicobacter pylori,Helicobacter pylori SJM180
HpGP-SPA-510,592205,1611923,Helicobacter,Helicobacter pylori,Helicobacter pylori B38
HpGP-SPA-601,765963,1667573,Helicobacter,Helicobacter pylori,Helicobacter pylori PeCan4
HpGP-SPA-604,1163743,1572236,Helicobacter,Helicobacter pylori,Helicobacter pylori HUP-B14
HpGP-SPA-606,1321939,1684206,Helicobacter,Helicobacter pylori,Helicobacter pylori UM037
HpGP-SPA-607,765962,1678132,Helicobacter,Helicobacter pylori,Helicobacter pylori SJM180
HpGP-SPA-609,907240,1643170,Helicobacter,Helicobacter pylori,Helicobacter pylori Gambia94/24
HpGP-SPA-610,1055527,1629531,Helicobacter,Helicobacter pylori,Helicobacter pylori ELS37
HpGP-SPA-611,907240,1666518,Helicobacter,Helicobacter pylori,Helicobacter pylori Gambia94/24
HpGP-SPA-701,592205,1642690,Helicobacter,Helicobacter pylori,Helicobacter pylori B38
HpGP-SPA-702,1163743,1598110,Helicobacter,Helicobacter pylori,Helicobacter pylori HUP-B14
HpGP-SPA-703,1163743,1581418,Helicobacter,Helicobacter pylori,Helicobacter pylori HUP-B14
HpGP-SPA-704,592205,1623556,Helicobacter,Helicobacter pylori,Helicobacter pylori B38
HpGP-SPA-705,1055527,1587290,Helicobacter,Helicobacter pylori,Helicobacter pylori ELS37
HpGP-SPA-706,1055529,1606265,Helicobacter,Helicobacter pylori,Helicobacter pylori Puno135
HpGP-SPA-707,1426844,1706700,Helicobacter,Helicobacter pylori,Helicobacter pylori NY40
HpGP-SPA-709,1426844,1669615,Helicobacter,Helicobacter pylori,Helicobacter pylori NY40
HpGP-SPA-710,1055527,1629541,Helicobacter,Helicobacter pylori,Helicobacter pylori ELS37
HpGP-SPA-801,1163743,1677924,Helicobacter,Helicobacter pylori,Helicobacter pylori HUP-B14
HpGP-SPA-802,1426844,1634911,Helicobacter,Helicobacter pylori,Helicobacter pylori NY40
HpGP-SPA-803,765962,1625750,Helicobacter,Helicobacter pylori,Helicobacter pylori SJM180
HpGP-SPA-804,1426844,1608123,Helicobacter,Helicobacter pylori,Helicobacter pylori NY40
HpGP-SPA-805,765962,1586055,Helicobacter,Helicobacter pylori,Helicobacter pylori SJM180
HpGP-SPA-806,210,1642348,Helicobacter,Helicobacter pylori,
HpGP-SPA-807,765962,1662490,Helicobacter,Helicobacter pylori,Helicobacter pylori SJM180
HpGP-SWE-001,357544,1607557,Helicobacter,Helicobacter pylori,Helicobacter pylori HPAG1
HpGP-SWE-002,357544,1689165,Helicobacter,Helicobacter pylori,Helicobacter pylori HPAG1
HpGP-SWE-003,357544,1600248,Helicobacter,Helicobacter pylori,Helicobacter pylori HPAG1
HpGP-SWE-004,357544,1600123,Helicobacter,Helicobacter pylori,Helicobacter pylori HPAG1
HpGP-SWE-005,357544,1684277,Helicobacter,Helicobacter pylori,Helicobacter pylori HPAG1
HpGP-SWE-006,1321939,1642130,Helicobacter,Helicobacter pylori,Helicobacter pylori UM037
HpGP-SWE-007,357544,1630384,Helicobacter,Helicobacter pylori,Helicobacter pylori HPAG1
HpGP-SWE-008,357544,1678454,Helicobacter,Helicobacter pylori,Helicobacter pylori HPAG1
HpGP-SWE-010,357544,1681953,Helicobacter,Helicobacter pylori,Helicobacter pylori HPAG1
HpGP-SWE-012,357544,1680523,Helicobacter,Helicobacter pylori,Helicobacter pylori HPAG1
HpGP-SWE-013,357544,1656744,Helicobacter,Helicobacter pylori,Helicobacter pylori HPAG1
HpGP-SWE-014,357544,1609047,Helicobacter,Helicobacter pylori,Helicobacter pylori HPAG1
HpGP-SWE-015,357544,1634654,Helicobacter,Helicobacter pylori,Helicobacter pylori HPAG1
HpGP-SWE-016,357544,1617426,Helicobacter,Helicobacter pylori,Helicobacter pylori HPAG1
HpGP-SWE-017,907237,1630598,Helicobacter,Helicobacter pylori,Helicobacter pylori Lithuania75
HpGP-SWE-018,907239,1665531,Helicobacter,Helicobacter pylori,Helicobacter pylori SouthAfrica7
HpGP-SWE-019,357544,1652846,Helicobacter,Helicobacter pylori,Helicobacter pylori HPAG1
HpGP-SWE-021,357544,1593051,Helicobacter,Helicobacter pylori,Helicobacter pylori HPAG1
HpGP-SWE-022,357544,1644054,Helicobacter,Helicobacter pylori,Helicobacter pylori HPAG1
HpGP-SWE-024,357544,1625484,Helicobacter,Helicobacter pylori,Helicobacter pylori HPAG1
HpGP-SWE-025,357544,1627096,Helicobacter,Helicobacter pylori,Helicobacter pylori HPAG1
HpGP-SWE-026,357544,1654901,Helicobacter,Helicobacter pylori,Helicobacter pylori HPAG1
HpGP-SWE-027,357544,1589953,Helicobacter,Helicobacter pylori,Helicobacter pylori HPAG1
HpGP-SWE-028,357544,1649875,Helicobacter,Helicobacter pylori,Helicobacter pylori HPAG1
HpGP-SWE-030,357544,1659588,Helicobacter,Helicobacter pylori,Helicobacter pylori HPAG1
HpGP-SWE-031,357544,1643191,Helicobacter,Helicobacter pylori,Helicobacter pylori HPAG1
HpGP-SWE-032,357544,1678752,Helicobacter,Helicobacter pylori,Helicobacter pylori HPAG1
HpGP-SWE-033,357544,1631003,Helicobacter,Helicobacter pylori,Helicobacter pylori HPAG1
HpGP-SWE-034,357544,1633911,Helicobacter,Helicobacter pylori,Helicobacter pylori HPAG1
HpGP-SWE-036,357544,1615033,Helicobacter,Helicobacter pylori,Helicobacter pylori HPAG1
HpGP-SWT-001,592205,1667389,Helicobacter,Helicobacter pylori,Helicobacter pylori B38
HpGP-SWT-002,592205,1593038,Helicobacter,Helicobacter pylori,Helicobacter pylori B38
HpGP-SWT-003,765962,1712408,Helicobacter,Helicobacter pylori,Helicobacter pylori SJM180
HpGP-SWT-004,907237,1679177,Helicobacter,Helicobacter pylori,Helicobacter pylori Lithuania75
HpGP-SWT-005,765962,1678855,Helicobacter,Helicobacter pylori,Helicobacter pylori SJM180
HpGP-SWT-006,907237,1611621,Helicobacter,Helicobacter pylori,Helicobacter pylori Lithuania75
HpGP-SWT-007,907237,1663034,Helicobacter,Helicobacter pylori,Helicobacter pylori Lithuania75
HpGP-SWT-008,907237,1638450,Helicobacter,Helicobacter pylori,Helicobacter pylori Lithuania75
HpGP-SWT-010,907239,1650513,Helicobacter,Helicobacter pylori,Helicobacter pylori SouthAfrica7
HpGP-SWT-011,357544,1648229,Helicobacter,Helicobacter pylori,Helicobacter pylori HPAG1
HpGP-SWT-012,1163743,1605427,Helicobacter,Helicobacter pylori,Helicobacter pylori HUP-B14
HpGP-SWT-013,907237,1567886,Helicobacter,Helicobacter pylori,Helicobacter pylori Lithuania75
HpGP-SWT-014,1321939,1636257,Helicobacter,Helicobacter pylori,Helicobacter pylori UM037
HpGP-SWT-015,1426844,1612015,Helicobacter,Helicobacter pylori,Helicobacter pylori NY40
HpGP-SWT-017,765962,1600599,Helicobacter,Helicobacter pylori,Helicobacter pylori SJM180
HpGP-TUR-001,907237,1657499,Helicobacter,Helicobacter pylori,Helicobacter pylori Lithuania75
HpGP-TUR-002,907237,1583197,Helicobacter,Helicobacter pylori,Helicobacter pylori Lithuania75
HpGP-TUR-003,592205,1565271,Helicobacter,Helicobacter pylori,Helicobacter pylori B38
HpGP-TUR-004,1321939,1679778,Helicobacter,Helicobacter pylori,Helicobacter pylori UM037
HpGP-TUR-005,907237,1584135,Helicobacter,Helicobacter pylori,Helicobacter pylori Lithuania75
HpGP-TUR-006,907237,1637748,Helicobacter,Helicobacter pylori,Helicobacter pylori Lithuania75
HpGP-TUR-007,907237,1646875,Helicobacter,Helicobacter pylori,Helicobacter pylori Lithuania75
HpGP-TUR-008,907237,1671771,Helicobacter,Helicobacter pylori,Helicobacter pylori Lithuania75
HpGP-TUR-009,907237,1618135,Helicobacter,Helicobacter pylori,Helicobacter pylori Lithuania75
HpGP-TUR-010,907238,1617936,Helicobacter,Helicobacter pylori,Helicobacter pylori India7
HpGP-TUR-011,907237,1646871,Helicobacter,Helicobacter pylori,Helicobacter pylori Lithuania75
HpGP-TUR-014,907237,1634228,Helicobacter,Helicobacter pylori,Helicobacter pylori Lithuania75
HpGP-TUR-016,907237,1655827,Helicobacter,Helicobacter pylori,Helicobacter pylori Lithuania75
HpGP-TUR-017,907237,1665676,Helicobacter,Helicobacter pylori,Helicobacter pylori Lithuania75
HpGP-TUR-021,907237,1644701,Helicobacter,Helicobacter pylori,Helicobacter pylori Lithuania75
HpGP-TUR-022,907237,1633488,Helicobacter,Helicobacter pylori,Helicobacter pylori Lithuania75
HpGP-TUR-023,907237,1664066,Helicobacter,Helicobacter pylori,Helicobacter pylori Lithuania75
HpGP-TWN-001,1321940,1615426,Helicobacter,Helicobacter pylori,Helicobacter pylori UM066
HpGP-TWN-002,1321940,1549439,Helicobacter,Helicobacter pylori,Helicobacter pylori UM066
HpGP-TWN-003,1321940,1585696,Helicobacter,Helicobacter pylori,Helicobacter pylori UM066
HpGP-TWN-004,1321940,1579874,Helicobacter,Helicobacter pylori,Helicobacter pylori UM066
HpGP-TWN-005,1321940,1596199,Helicobacter,Helicobacter pylori,Helicobacter pylori UM066
HpGP-TWN-006,1321940,1601009,Helicobacter,Helicobacter pylori,Helicobacter pylori UM066
HpGP-TWN-007,1321940,1628677,Helicobacter,Helicobacter pylori,Helicobacter pylori UM066
HpGP-TWN-008,1321940,1585459,Helicobacter,Helicobacter pylori,Helicobacter pylori UM066
HpGP-TWN-009,1321940,1577218,Helicobacter,Helicobacter pylori,Helicobacter pylori UM066
HpGP-TWN-010,1248726,1605925,Helicobacter,Helicobacter pylori,Helicobacter pylori OK310
HpGP-TWN-016,1321940,1610545,Helicobacter,Helicobacter pylori,Helicobacter pylori UM066
HpGP-TWN-017,1321940,1607953,Helicobacter,Helicobacter pylori,Helicobacter pylori UM066
HpGP-TWN-018,1321940,1631856,Helicobacter,Helicobacter pylori,Helicobacter pylori UM066
HpGP-TWN-019,1321940,1583891,Helicobacter,Helicobacter pylori,Helicobacter pylori UM066
HpGP-TWN-020,1321940,1634172,Helicobacter,Helicobacter pylori,Helicobacter pylori UM066
HpGP-TWN-021,1321940,1570870,Helicobacter,Helicobacter pylori,Helicobacter pylori UM066
HpGP-TWN-022,1321940,1558101,Helicobacter,Helicobacter pylori,Helicobacter pylori UM066
HpGP-TWN-023,1321940,1560258,Helicobacter,Helicobacter pylori,Helicobacter pylori UM066
HpGP-TWN-024,1321940,1651761,Helicobacter,Helicobacter pylori,Helicobacter pylori UM066
HpGP-TWN-026,1321940,1625379,Helicobacter,Helicobacter pylori,Helicobacter pylori UM066
HpGP-TWN-027,1321940,1691672,Helicobacter,Helicobacter pylori,Helicobacter pylori UM066
HpGP-TWN-028,1321940,1592424,Helicobacter,Helicobacter pylori,Helicobacter pylori UM066
HpGP-TWN-029,1055532,1592254,Helicobacter,Helicobacter pylori,Helicobacter pylori Aklavik86
HpGP-TWN-030,1055532,1577177,Helicobacter,Helicobacter pylori,Helicobacter pylori Aklavik86
HpGP-USA-001,1426844,1633072,Helicobacter,Helicobacter pylori,Helicobacter pylori NY40
HpGP-USA-002,1426844,1678929,Helicobacter,Helicobacter pylori,Helicobacter pylori NY40
HpGP-USA-003,1163742,1658442,Helicobacter,Helicobacter pylori,Helicobacter pylori PeCan18
HpGP-USA-004,765962,1620484,Helicobacter,Helicobacter pylori,Helicobacter pylori SJM180
HpGP-USA-005,592205,1573066,Helicobacter,Helicobacter pylori,Helicobacter pylori B38
HpGP-USA-008,907240,1635408,Helicobacter,Helicobacter pylori,Helicobacter pylori Gambia94/24
HpGP-USA-009,1321939,1628111,Helicobacter,Helicobacter pylori,Helicobacter pylori UM037
HpGP-USA-011,907239,1641234,Helicobacter,Helicobacter pylori,Helicobacter pylori SouthAfrica7
HpGP-USA-101,357544,1592732,Helicobacter,Helicobacter pylori,Helicobacter pylori HPAG1
HpGP-USA-102,907240,1706986,Helicobacter,Helicobacter pylori,Helicobacter pylori Gambia94/24
HpGP-USA-104,907240,1633887,Helicobacter,Helicobacter pylori,Helicobacter pylori Gambia94/24
HpGP-USA-105,985080,1668895,Helicobacter,Helicobacter pylori,Helicobacter pylori 2018
HpGP-USA-106,102611,1653583,Helicobacter,Helicobacter pylori,Helicobacter pylori J166
HpGP-USA-115,102611,1649338,Helicobacter,Helicobacter pylori,Helicobacter pylori J166
HpGP-USA-116,102611,1613308,Helicobacter,Helicobacter pylori,Helicobacter pylori J166
HpGP-USA-119,102611,1624533,Helicobacter,Helicobacter pylori,Helicobacter pylori J166
HpGP-USA-120,102611,1607311,Helicobacter,Helicobacter pylori,Helicobacter pylori J166
HpGP-USA-123,907239,1617156,Helicobacter,Helicobacter pylori,Helicobacter pylori SouthAfrica7
HpGP-USA-201,765963,1679963,Helicobacter,Helicobacter pylori,Helicobacter pylori PeCan4
HpGP-USA-202,907240,1640108,Helicobacter,Helicobacter pylori,Helicobacter pylori Gambia94/24
HpGP-USA-203,1426844,1664238,Helicobacter,Helicobacter pylori,Helicobacter pylori NY40
HpGP-USA-204,765962,1742736,Helicobacter,Helicobacter pylori,Helicobacter pylori SJM180
HpGP-USA-205,1055531,1584308,Helicobacter,Helicobacter pylori,Helicobacter pylori Aklavik117
HpGP-USA-206,907240,1712228,Helicobacter,Helicobacter pylori,Helicobacter pylori Gambia94/24
HpGP-USA-207,1055527,1565497,Helicobacter,Helicobacter pylori,Helicobacter pylori ELS37
HpGP-USA-208,102611,1641649,Helicobacter,Helicobacter pylori,Helicobacter pylori J166
HpGP-USA-301,985080,1622031,Helicobacter,Helicobacter pylori,Helicobacter pylori 2018
HpGP-USA-302,1426844,1660399,Helicobacter,Helicobacter pylori,Helicobacter pylori NY40
HpGP-USA-303,907240,1648142,Helicobacter,Helicobacter pylori,Helicobacter pylori Gambia94/24
HpGP-USA-304,907240,1631362,Helicobacter,Helicobacter pylori,Helicobacter pylori Gambia94/24
HpGP-USA-305,985080,1688729,Helicobacter,Helicobacter pylori,Helicobacter pylori 2018
HpGP-USA-306,907240,1689871,Helicobacter,Helicobacter pylori,Helicobacter pylori Gambia94/24
HpGP-USA-311,907240,1680096,Helicobacter,Helicobacter pylori,Helicobacter pylori Gambia94/24
HpGP-USA-401,102611,1604353,Helicobacter,Helicobacter pylori,Helicobacter pylori J166
HpGP-USA-402,102611,1627168,Helicobacter,Helicobacter pylori,Helicobacter pylori J166
HpGP-USA-403,907240,1652865,Helicobacter,Helicobacter pylori,Helicobacter pylori Gambia94/24
HpGP-USA-404,102611,1604853,Helicobacter,Helicobacter pylori,Helicobacter pylori J166
HpGP-USA-405,102611,1648239,Helicobacter,Helicobacter pylori,Helicobacter pylori J166
HpGP-USA-406,985080,1637717,Helicobacter,Helicobacter pylori,Helicobacter pylori 2018
HpGP-USA-407,102611,1619587,Helicobacter,Helicobacter pylori,Helicobacter pylori J166
HpGP-USA-408,907240,1643719,Helicobacter,Helicobacter pylori,Helicobacter pylori Gambia94/24
HpGP-USA-409,907240,1655663,Helicobacter,Helicobacter pylori,Helicobacter pylori Gambia94/24
HpGP-USA-410,102611,1607365,Helicobacter,Helicobacter pylori,Helicobacter pylori J166
HpGP-USA-411,907240,1624630,Helicobacter,Helicobacter pylori,Helicobacter pylori Gambia94/24
HpGP-USA-412,985080,1632258,Helicobacter,Helicobacter pylori,Helicobacter pylori 2018
HpGP-USA-413,907240,1637829,Helicobacter,Helicobacter pylori,Helicobacter pylori Gambia94/24
HpGP-USA-414,1055527,1605620,Helicobacter,Helicobacter pylori,Helicobacter pylori ELS37
HpGP-USA-415,907240,1646716,Helicobacter,Helicobacter pylori,Helicobacter pylori Gambia94/24
HpGP-USA-416,907240,1708342,Helicobacter,Helicobacter pylori,Helicobacter pylori Gambia94/24
HpGP-USA-417,907240,1600040,Helicobacter,Helicobacter pylori,Helicobacter pylori Gambia94/24
HpGP-USA-418,907240,1678440,Helicobacter,Helicobacter pylori,Helicobacter pylori Gambia94/24
HpGP-USA-419,985080,1637921,Helicobacter,Helicobacter pylori,Helicobacter pylori 2018
HpGP-USA-420,985080,1619626,Helicobacter,Helicobacter pylori,Helicobacter pylori 2018
HpGP-USA-421,907240,1705617,Helicobacter,Helicobacter pylori,Helicobacter pylori Gambia94/24
HpGP-USA-422,1055530,1602979,Helicobacter,Helicobacter pylori,Helicobacter pylori SNT49
HpGP-USA-423,102611,1708388,Helicobacter,Helicobacter pylori,Helicobacter pylori J166
HpGP-USA-424,907240,1693869,Helicobacter,Helicobacter pylori,Helicobacter pylori Gambia94/24
HpGP-USA-425,1321940,1634046,Helicobacter,Helicobacter pylori,Helicobacter pylori UM066
HpGP-USA-427,907240,1664784,Helicobacter,Helicobacter pylori,Helicobacter pylori Gambia94/24
HpGP-USA-428,907240,1645978,Helicobacter,Helicobacter pylori,Helicobacter pylori Gambia94/24
HpGP-USA-429,907240,1661732,Helicobacter,Helicobacter pylori,Helicobacter pylori Gambia94/24
HpGP-USA-431,102611,1633596,Helicobacter,Helicobacter pylori,Helicobacter pylori J166
HpGP-USA-432,985080,1652580,Helicobacter,Helicobacter pylori,Helicobacter pylori 2018
HpGP-USA-433,907240,1709495,Helicobacter,Helicobacter pylori,Helicobacter pylori Gambia94/24
HpGP-USA-434,985080,1658170,Helicobacter,Helicobacter pylori,Helicobacter pylori 2018
HpGP-USA-435,907240,1608050,Helicobacter,Helicobacter pylori,Helicobacter pylori Gambia94/24
HpGP-USA-436,102611,1659076,Helicobacter,Helicobacter pylori,Helicobacter pylori J166
HpGP-USA-437,907240,1623941,Helicobacter,Helicobacter pylori,Helicobacter pylori Gambia94/24
HpGP-VNM-001,1321940,1596868,Helicobacter,Helicobacter pylori,Helicobacter pylori UM066
HpGP-VNM-002,907238,1631882,Helicobacter,Helicobacter pylori,Helicobacter pylori India7
HpGP-VNM-003,1321940,1611431,Helicobacter,Helicobacter pylori,Helicobacter pylori UM066
HpGP-VNM-004,907239,1585182,Helicobacter,Helicobacter pylori,Helicobacter pylori SouthAfrica7
HpGP-VNM-005,907239,1600824,Helicobacter,Helicobacter pylori,Helicobacter pylori SouthAfrica7
HpGP-VNM-006,907239,1580195,Helicobacter,Helicobacter pylori,Helicobacter pylori SouthAfrica7
HpGP-VNM-007,1248726,1630186,Helicobacter,Helicobacter pylori,Helicobacter pylori OK310
HpGP-VNM-008,907239,1583308,Helicobacter,Helicobacter pylori,Helicobacter pylori SouthAfrica7
HpGP-VNM-009,1055530,1618330,Helicobacter,Helicobacter pylori,Helicobacter pylori SNT49
HpGP-ZAF-001,907239,1714499,Helicobacter,Helicobacter pylori,Helicobacter pylori SouthAfrica7
HpGP-ZAF-002,907239,1725063,Helicobacter,Helicobacter pylori,Helicobacter pylori SouthAfrica7
HpGP-ZAF-004,907239,1666673,Helicobacter,Helicobacter pylori,Helicobacter pylori SouthAfrica7
HpGP-ZAF-006,907239,1641225,Helicobacter,Helicobacter pylori,Helicobacter pylori SouthAfrica7
HpGP-ZAF-007,907239,1655871,Helicobacter,Helicobacter pylori,Helicobacter pylori SouthAfrica7
HpGP-ZAF-008,907239,1557316,Helicobacter,Helicobacter pylori,Helicobacter pylori SouthAfrica7
HpGP-ZAF-009,907239,1681930,Helicobacter,Helicobacter pylori,Helicobacter pylori SouthAfrica7
HpGP-ZAF-010,907239,1688654,Helicobacter,Helicobacter pylori,Helicobacter pylori SouthAfrica7
HpGP-ZAF-011,907239,1723727,Helicobacter,Helicobacter pylori,Helicobacter pylori SouthAfrica7
